ENSG,Symbol
ENSG00000173209,AHSA2P
ENSG00000228526,MIR34AHG
ENSG00000245532,NEAT1
ENSG00000213903,LTB4R
ENSG00000261786,AC006058.1
ENSG00000250067,YJEFN3
ENSG00000232931,LINC00342
ENSG00000262580,AC087741.1
ENSG00000251562,MALAT1
ENSG00000073605,GSDMB
ENSG00000264112,AC015813.1
ENSG00000088340,FER1L4
ENSG00000115414,FN1
ENSG00000172037,LAMB2
ENSG00000005206,SPPL2B
ENSG00000158286,RNF207
ENSG00000114270,COL7A1
ENSG00000121716,PILRB
ENSG00000101104,PABPC1L
ENSG00000160781,PAQR6
ENSG00000188933,USP32P1
ENSG00000188153,COL4A5
ENSG00000198804,MT-CO1
ENSG00000167524,RSKR
ENSG00000215252,GOLGA8B
ENSG00000198786,MT-ND5
ENSG00000110719,TCIRG1
ENSG00000230590,FTX
ENSG00000167615,LENG8
ENSG00000198695,MT-ND6
ENSG00000214021,TTLL3
ENSG00000213599,SLX1A-SULT1A3
ENSG00000230606,AC092683.1
ENSG00000277701,AC159540.2
ENSG00000108797,CNTNAP1
ENSG00000108846,ABCC3
ENSG00000138834,MAPK8IP3
ENSG00000101115,SALL4
ENSG00000102287,GABRE
ENSG00000175265,GOLGA8A
ENSG00000244257,PKD1P1
ENSG00000225138,SLC9A3-AS1
ENSG00000023839,ABCC2
ENSG00000135473,PAN2
ENSG00000246922,UBAP1L
ENSG00000143630,HCN3
ENSG00000179532,DNHD1
ENSG00000261326,LINC01355
ENSG00000154529,CNTNAP3B
ENSG00000266086,AC015813.2
ENSG00000102878,HSF4
ENSG00000168970,JMJD7-PLA2G4B
ENSG00000214548,MEG3
ENSG00000139631,CSAD
ENSG00000117335,CD46
ENSG00000163346,PBXIP1
ENSG00000267519,AC020916.1
ENSG00000258727,AL135999.1
ENSG00000197774,EME2
ENSG00000196689,TRPV1
ENSG00000283486,FAM95C
ENSG00000011028,AC080038.1
ENSG00000234771,SLC25A25-AS1
ENSG00000075826,SEC31B
ENSG00000062716,VMP1
ENSG00000274471,AC242376.2
ENSG00000197081,IGF2R
ENSG00000243970,PPIEL
ENSG00000225783,MIAT
ENSG00000166436,TRIM66
ENSG00000257354,AC048341.1
ENSG00000139182,CLSTN3
ENSG00000188157,AGRN
ENSG00000003436,TFPI
ENSG00000198727,MT-CYB
ENSG00000284946,AC068831.7
ENSG00000099725,PRKY
ENSG00000177943,MAMDC4
ENSG00000237973,MTCO1P12
ENSG00000131067,GGT7
ENSG00000270069,MIR222HG
ENSG00000100288,CHKB
ENSG00000197978,GOLGA6L9
ENSG00000106714,CNTNAP3
ENSG00000213199,ASIC3
ENSG00000128159,TUBGCP6
ENSG00000169174,PCSK9
ENSG00000129003,VPS13C
ENSG00000204410,MSH5
ENSG00000223705,NSUN5P1
ENSG00000166340,TPP1
ENSG00000182796,TMEM198B
ENSG00000133624,ZNF767P
ENSG00000230373,GOLGA6L5P
ENSG00000184445,KNTC1
ENSG00000151006,PRSS53
ENSG00000251432,LINC02615
ENSG00000221978,CCNL2
ENSG00000143554,SLC27A3
ENSG00000105270,CLIP3
ENSG00000134871,COL4A2
ENSG00000233237,LINC00472
ENSG00000012171,SEMA3B
ENSG00000137642,SORL1
ENSG00000269352,PTOV1-AS2
ENSG00000267056,AC005336.1
ENSG00000013288,MAN2B2
ENSG00000141756,FKBP10
ENSG00000142303,ADAMTS10
ENSG00000228315,GUSBP11
ENSG00000114857,NKTR
ENSG00000198848,CES1
ENSG00000164050,PLXNB1
ENSG00000100299,ARSA
ENSG00000125844,RRBP1
ENSG00000253352,TUG1
ENSG00000245849,RAD51-AS1
ENSG00000149311,ATM
ENSG00000225828,FAM229A
ENSG00000163728,TTC14
ENSG00000171560,FGA
ENSG00000125740,FOSB
ENSG00000091136,LAMB1
ENSG00000142102,PGGHG
ENSG00000258472,AC005726.1
ENSG00000186166,CCDC84
ENSG00000123384,LRP1
ENSG00000064687,ABCA7
ENSG00000260261,AC124944.2
ENSG00000170017,ALCAM
ENSG00000014123,UFL1
ENSG00000157227,MMP14
ENSG00000213906,LTB4R2
ENSG00000151914,DST
ENSG00000254413,CHKB-CPT1B
ENSG00000158106,RHPN1
ENSG00000261408,TEN1-CDK3
ENSG00000142156,COL6A1
ENSG00000198799,LRIG2
ENSG00000267680,ZNF224
ENSG00000251537,AC005324.3
ENSG00000225697,SLC26A6
ENSG00000165282,PIGO
ENSG00000135596,MICAL1
ENSG00000127415,IDUA
ENSG00000076344,RGS11
ENSG00000162298,SYVN1
ENSG00000137496,IL18BP
ENSG00000113108,APBB3
ENSG00000074181,NOTCH3
ENSG00000110455,ACCS
ENSG00000223764,LINC02593
ENSG00000100767,PAPLN
ENSG00000197694,SPTAN1
ENSG00000100068,LRP5L
ENSG00000205560,CPT1B
ENSG00000026036,RTEL1-TNFRSF6B
ENSG00000069493,CLEC2D
ENSG00000130635,COL5A1
ENSG00000054690,PLEKHH1
ENSG00000232653,GOLGA8N
ENSG00000204681,GABBR1
ENSG00000113441,LNPEP
ENSG00000230551,AC021078.1
ENSG00000090863,GLG1
ENSG00000127914,AKAP9
ENSG00000188818,ZDHHC11
ENSG00000243716,NPIPB5
ENSG00000108582,CPD
ENSG00000185513,L3MBTL1
ENSG00000136378,ADAMTS7
ENSG00000128342,LIF
ENSG00000169919,GUSB
ENSG00000132182,NUP210
ENSG00000142408,CACNG8
ENSG00000132561,MATN2
ENSG00000256028,AC026362.1
ENSG00000164078,MST1R
ENSG00000143512,HHIPL2
ENSG00000203709,MIR29B2CHG
ENSG00000186529,CYP4F3
ENSG00000163389,POGLUT1
ENSG00000147162,OGT
ENSG00000241489,AC244197.3
ENSG00000145623,OSMR
ENSG00000117385,P3H1
ENSG00000196668,LINC00173
ENSG00000182871,COL18A1
ENSG00000060718,COL11A1
ENSG00000164180,TMEM161B
ENSG00000182685,BRICD5
ENSG00000260565,ERVK13-1
ENSG00000273036,AL390726.4
ENSG00000274512,TBC1D3L
ENSG00000269929,AL158152.1
ENSG00000154305,MIA3
ENSG00000116138,DNAJC16
ENSG00000138759,FRAS1
ENSG00000228327,AL669831.1
ENSG00000204839,MROH6
ENSG00000184949,FAM227A
ENSG00000234420,ZNF37BP
ENSG00000197969,VPS13A
ENSG00000162591,MEGF6
ENSG00000196187,TMEM63A
ENSG00000153214,TMEM87B
ENSG00000249007,AL691482.3
ENSG00000164406,LEAP2
ENSG00000171298,GAA
ENSG00000104899,AMH
ENSG00000203896,LIME1
ENSG00000145495,MARCH6
ENSG00000174233,ADCY6
ENSG00000184995,IFNE
ENSG00000132680,KHDC4
ENSG00000115657,ABCB6
ENSG00000038427,VCAN
ENSG00000105726,ATP13A1
ENSG00000273142,LINC02604
ENSG00000109072,VTN
ENSG00000120458,MSANTD2
ENSG00000189423,USP32P3
ENSG00000186567,CEACAM19
ENSG00000152661,GJA1
ENSG00000140398,NEIL1
ENSG00000197565,COL4A6
ENSG00000110628,SLC22A18
ENSG00000053747,LAMA3
ENSG00000269486,ERVK9-11
ENSG00000011021,CLCN6
ENSG00000142192,APP
ENSG00000026652,AGPAT4
ENSG00000128262,POM121L9P
ENSG00000143434,SEMA6C
ENSG00000163516,ANKZF1
ENSG00000108679,LGALS3BP
ENSG00000105429,MEGF8
ENSG00000252690,AC105339.2
ENSG00000243708,PLA2G4B
ENSG00000126562,WNK4
ENSG00000030582,GRN
ENSG00000081052,COL4A4
ENSG00000073756,PTGS2
ENSG00000163975,MELTF
ENSG00000178467,P4HTM
ENSG00000115275,MOGS
ENSG00000108465,CDK5RAP3
ENSG00000181045,SLC26A11
ENSG00000235194,PPP1R3E
ENSG00000197746,PSAP
ENSG00000272752,STAG3L5P-PVRIG2P-PILRB
ENSG00000146828,SLC12A9
ENSG00000196696,AC009022.1
ENSG00000214826,DDX12P
ENSG00000164171,ITGA2
ENSG00000279233,AC122688.3
ENSG00000206077,ZDHHC11B
ENSG00000168758,SEMA4C
ENSG00000110888,CAPRIN2
ENSG00000196878,LAMB3
ENSG00000263956,NBPF11
ENSG00000124574,ABCC10
ENSG00000244879,GABPB1-AS1
ENSG00000233175,AC008105.1
ENSG00000080947,CROCCP3
ENSG00000204172,AGAP9
ENSG00000272645,GTF2IP20
ENSG00000132470,ITGB4
ENSG00000074410,CA12
ENSG00000117616,RSRP1
ENSG00000138448,ITGAV
ENSG00000273154,AL121845.3
ENSG00000136068,FLNB
ENSG00000227671,AL390728.4
ENSG00000167702,KIFC2
ENSG00000116260,QSOX1
ENSG00000261578,AP003119.3
ENSG00000084234,APLP2
ENSG00000146166,LGSN
ENSG00000124181,PLCG1
ENSG00000179240,GVQW3
ENSG00000138829,FBN2
ENSG00000175455,CCDC14
ENSG00000100918,REC8
ENSG00000118785,SPP1
ENSG00000107789,MINPP1
ENSG00000204967,PCDHA4
ENSG00000196993,NPIPB9
ENSG00000173230,GOLGB1
ENSG00000042445,RETSAT
ENSG00000135677,GNS
ENSG00000131389,SLC6A6
ENSG00000123146,ADGRE5
ENSG00000134313,KIDINS220
ENSG00000135506,OS9
ENSG00000160796,NBEAL2
ENSG00000167978,SRRM2
ENSG00000158805,ZNF276
ENSG00000215769,ARHGAP27P1-BPTFP1-KPNA2P3
ENSG00000163482,STK36
ENSG00000145882,PCYOX1L
ENSG00000238105,GOLGA2P5
ENSG00000106397,PLOD3
ENSG00000130702,LAMA5
ENSG00000142798,HSPG2
ENSG00000198743,SLC5A3
ENSG00000115306,SPTBN1
ENSG00000169359,SLC33A1
ENSG00000144802,NFKBIZ
ENSG00000100600,LGMN
ENSG00000251664,PCDHA12
ENSG00000033867,SLC4A7
ENSG00000198732,SMOC1
ENSG00000154358,OBSCN
ENSG00000125730,C3
ENSG00000255152,MSH5-SAPCD1
ENSG00000085514,PILRA
ENSG00000135047,CTSL
ENSG00000159403,C1R
ENSG00000188811,NHLRC3
ENSG00000273373,AL355488.1
ENSG00000090006,LTBP4
ENSG00000284981,AC093668.2
ENSG00000279759,AC118344.2
ENSG00000228727,SAPCD1
ENSG00000273038,AL365203.2
ENSG00000177728,TMEM94
ENSG00000204262,COL5A2
ENSG00000156535,CD109
ENSG00000163660,CCNL1
ENSG00000075275,CELSR1
ENSG00000163162,RNF149
ENSG00000265787,CYP4F35P
ENSG00000006025,AC003665.1
ENSG00000196338,NLGN3
ENSG00000137868,STRA6
ENSG00000088812,ATRN
ENSG00000272068,AL365181.2
ENSG00000185864,NPIPB4
ENSG00000064601,CTSA
ENSG00000185829,ARL17A
ENSG00000117394,SLC2A1
ENSG00000281026,N4BP2L2-IT2
ENSG00000187498,COL4A1
ENSG00000178038,ALS2CL
ENSG00000134294,SLC38A2
ENSG00000170581,STAT2
ENSG00000279789,AC120114.3
ENSG00000179698,WDR97
ENSG00000196547,MAN2A2
ENSG00000215182,MUC5AC
ENSG00000089597,GANAB
ENSG00000088836,SLC4A11
ENSG00000101751,POLI
ENSG00000064651,SLC12A2
ENSG00000117984,CTSD
ENSG00000055732,MCOLN3
ENSG00000161996,WDR90
ENSG00000143127,ITGA10
ENSG00000157637,SLC38A10
ENSG00000274925,ZKSCAN2-DT
ENSG00000242294,STAG3L5P
ENSG00000178209,PLEC
ENSG00000135048,CEMIP2
ENSG00000158201,ABHD3
ENSG00000134824,FADS2
ENSG00000075213,SEMA3A
ENSG00000241322,CDRT1
ENSG00000104783,KCNN4
ENSG00000213983,AP1G2
ENSG00000196421,C20orf204
ENSG00000213614,HEXA
ENSG00000120885,CLU
ENSG00000147437,GNRH1
ENSG00000162004,CCDC78
ENSG00000181523,SGSH
ENSG00000169203,NPIPB12
ENSG00000215158,AC138409.2
ENSG00000248527,MTATP6P1
ENSG00000287431,AC027601.6
ENSG00000178809,TRIM73
ENSG00000196074,SYCP2
ENSG00000162736,NCSTN
ENSG00000167772,ANGPTL4
ENSG00000146067,FAM193B
ENSG00000184381,PLA2G6
ENSG00000154265,ABCA5
ENSG00000179406,LINC00174
ENSG00000206530,CFAP44
ENSG00000137801,THBS1
ENSG00000196950,SLC39A10
ENSG00000186204,CYP4F12
ENSG00000166471,TMEM41B
ENSG00000162695,SLC30A7
ENSG00000186866,POFUT2
ENSG00000185324,CDK10
ENSG00000142173,COL6A2
ENSG00000139641,ESYT1
ENSG00000127948,POR
ENSG00000106804,C5
ENSG00000075568,TMEM131
ENSG00000255031,AP002807.1
ENSG00000102595,UGGT2
ENSG00000198556,ZNF789
ENSG00000279861,AC073548.1
ENSG00000146094,DOK3
ENSG00000005893,LAMP2
ENSG00000145014,TMEM44
ENSG00000213398,LCAT
ENSG00000172269,DPAGT1
ENSG00000182752,PAPPA
ENSG00000188234,AGAP4
ENSG00000082258,CCNT2
ENSG00000276550,HERC2P2
ENSG00000244754,N4BP2L2
ENSG00000118257,NRP2
ENSG00000166598,HSP90B1
ENSG00000108799,EZH1
ENSG00000114771,AADAC
ENSG00000124067,SLC12A4
ENSG00000285943,AC112128.1
ENSG00000125304,TM9SF2
ENSG00000044446,PHKA2
ENSG00000279088,AC022400.8
ENSG00000161509,GRIN2C
ENSG00000259820,AC083843.3
ENSG00000141458,NPC1
ENSG00000165272,AQP3
ENSG00000185164,NOMO2
ENSG00000008300,CELSR3
ENSG00000278600,AC015871.3
ENSG00000118762,PKD2
ENSG00000135205,CCDC146
ENSG00000174938,SEZ6L2
ENSG00000260916,CCPG1
ENSG00000233695,GAS6-AS1
ENSG00000172650,AGAP5
ENSG00000163536,SERPINI1
ENSG00000138613,APH1B
ENSG00000197121,PGAP1
ENSG00000196576,PLXNB2
ENSG00000197140,ADAM32
ENSG00000131797,CLUHP3
ENSG00000044574,HSPA5
ENSG00000167604,NFKBID
ENSG00000113504,SLC12A7
ENSG00000135740,SLC9A5
ENSG00000167525,PROCA1
ENSG00000169231,THBS3
ENSG00000137809,ITGA11
ENSG00000185189,NRBP2
ENSG00000167004,PDIA3
ENSG00000166881,NEMP1
ENSG00000162341,TPCN2
ENSG00000171105,INSR
ENSG00000175548,ALG10B
ENSG00000101384,JAG1
ENSG00000140575,IQGAP1
ENSG00000099994,SUSD2
ENSG00000133858,ZFC3H1
ENSG00000179387,ELMOD2
ENSG00000273230,AC102953.2
ENSG00000074855,ANO8
ENSG00000083444,PLOD1
ENSG00000261556,SMG1P7
ENSG00000070269,TMEM260
ENSG00000280138,AC027290.2
ENSG00000151176,PLBD2
ENSG00000187240,DYNC2H1
ENSG00000146830,GIGYF1
ENSG00000182220,ATP6AP2
ENSG00000136731,UGGT1
ENSG00000243679,AC018638.5
ENSG00000111897,SERINC1
ENSG00000196876,SCN8A
ENSG00000083857,FAT1
ENSG00000174327,SLC16A13
ENSG00000140284,SLC27A2
ENSG00000164073,MFSD8
ENSG00000250644,AC068580.4
ENSG00000256433,AC005840.3
ENSG00000247373,AC055713.1
ENSG00000161638,ITGA5
ENSG00000283189,AC104452.1
ENSG00000163956,LRPAP1
ENSG00000196123,KIAA0895L
ENSG00000101337,TM9SF4
ENSG00000072682,P4HA2
ENSG00000140545,MFGE8
ENSG00000267281,ATF7-NPFF
ENSG00000106479,ZNF862
ENSG00000155660,PDIA4
ENSG00000071553,ATP6AP1
ENSG00000171163,ZNF692
ENSG00000106404,CLDN15
ENSG00000204531,POU5F1
ENSG00000153132,CLGN
ENSG00000204248,COL11A2
ENSG00000188549,CCDC9B
ENSG00000236255,AC009404.1
ENSG00000005884,ITGA3
ENSG00000137261,KIAA0319
ENSG00000033627,ATP6V0A1
ENSG00000134250,NOTCH2
ENSG00000105519,CAPS
ENSG00000102359,SRPX2
ENSG00000118705,RPN2
ENSG00000091409,ITGA6
ENSG00000185896,LAMP1
ENSG00000134569,LRP4
ENSG00000160336,ZNF761
ENSG00000169432,SCN9A
ENSG00000103512,NOMO1
ENSG00000144026,ZNF514
ENSG00000254206,NPIPB11
ENSG00000143387,CTSK
ENSG00000125434,SLC25A35
ENSG00000146648,EGFR
ENSG00000166106,ADAMTS15
ENSG00000165029,ABCA1
ENSG00000215788,TNFRSF25
ENSG00000162769,FLVCR1
ENSG00000247828,TMEM161B-AS1
ENSG00000278041,AL133325.3
ENSG00000165661,QSOX2
ENSG00000223749,MIR503HG
ENSG00000105464,GRIN2D
ENSG00000130714,POMT1
ENSG00000012817,KDM5D
ENSG00000185585,OLFML2A
ENSG00000221968,FADS3
ENSG00000111271,ACAD10
ENSG00000132424,PNISR
ENSG00000281344,HELLPAR
ENSG00000244560,AC004890.2
ENSG00000127463,EMC1
ENSG00000168003,SLC3A2
ENSG00000198089,SFI1
ENSG00000130164,LDLR
ENSG00000137845,ADAM10
ENSG00000182326,C1S
ENSG00000144395,CCDC150
ENSG00000066279,ASPM
ENSG00000173531,MST1
ENSG00000134255,CEPT1
ENSG00000071537,SEL1L
ENSG00000163430,FSTL1
ENSG00000143126,CELSR2
ENSG00000213676,ATF6B
ENSG00000204305,AGER
ENSG00000234072,AC074117.1
ENSG00000078401,EDN1
ENSG00000177628,GBA
ENSG00000149809,TM7SF2
ENSG00000177853,ZNF518A
ENSG00000198938,MT-CO3
ENSG00000266777,SH3GL1P1
ENSG00000103269,RHBDL1
ENSG00000266918,AC091132.3
ENSG00000134910,STT3A
ENSG00000059804,SLC2A3
ENSG00000215417,MIR17HG
ENSG00000103042,SLC38A7
ENSG00000151012,SLC7A11
ENSG00000253671,AC027117.1
ENSG00000127419,TMEM175
ENSG00000134013,LOXL2
ENSG00000111799,COL12A1
ENSG00000239665,AL157392.3
ENSG00000052841,TTC17
ENSG00000135862,LAMC1
ENSG00000177663,IL17RA
ENSG00000282458,WASH5P
ENSG00000263244,AC087190.3
ENSG00000112282,MED23
ENSG00000186815,TPCN1
ENSG00000164187,LMBRD2
ENSG00000259865,AL390728.6
ENSG00000224934,AL391684.1
ENSG00000072042,RDH11
ENSG00000135976,ANKRD36
ENSG00000143643,TTC13
ENSG00000111664,GNB3
ENSG00000230650,AC140479.2
ENSG00000260793,AC003102.1
ENSG00000267121,AC008105.3
ENSG00000279407,AC007191.1
ENSG00000015532,XYLT2
ENSG00000265690,AC074143.2
ENSG00000106366,SERPINE1
ENSG00000100941,PNN
ENSG00000178295,GEN1
ENSG00000275395,FCGBP
ENSG00000136943,CTSV
ENSG00000227388,AL133410.1
ENSG00000115828,QPCT
ENSG00000076351,SLC46A1
ENSG00000184402,SS18L1
ENSG00000046604,DSG2
ENSG00000155363,MOV10
ENSG00000158220,ESYT3
ENSG00000144134,RABL2A
ENSG00000157193,LRP8
ENSG00000164828,SUN1
ENSG00000116406,EDEM3
ENSG00000167280,ENGASE
ENSG00000074695,LMAN1
ENSG00000273033,LINC02035
ENSG00000242086,MUC20-OT1
ENSG00000049323,LTBP1
ENSG00000186648,CARMIL3
ENSG00000143375,CGN
ENSG00000079112,CDH17
ENSG00000018236,CNTN1
ENSG00000270012,AC232271.1
ENSG00000102057,KCND1
ENSG00000063127,SLC6A16
ENSG00000116039,ATP6V1B1
ENSG00000173530,TNFRSF10D
ENSG00000262484,CCER2
ENSG00000086619,ERO1B
ENSG00000149257,SERPINH1
ENSG00000107798,LIPA
ENSG00000112655,PTK7
ENSG00000220323,HIST2H2BD
ENSG00000155304,HSPA13
ENSG00000099250,NRP1
ENSG00000112659,CUL9
ENSG00000170049,KCNAB3
ENSG00000118523,CCN2
ENSG00000133636,NTS
ENSG00000106258,CYP3A5
ENSG00000099999,RNF215
ENSG00000188878,FBF1
ENSG00000120708,TGFBI
ENSG00000249437,NAIP
ENSG00000088035,ALG6
ENSG00000146802,TMEM168
ENSG00000113583,C5orf15
ENSG00000111788,AC009533.1
ENSG00000278864,AC055811.4
ENSG00000223745,CCDC18-AS1
ENSG00000140511,HAPLN3
ENSG00000050555,LAMC3
ENSG00000010704,HFE
ENSG00000010278,CD9
ENSG00000250506,CDK3
ENSG00000198919,DZIP3
ENSG00000092096,SLC22A17
ENSG00000170876,TMEM43
ENSG00000267002,AC060780.1
ENSG00000174227,PIGG
ENSG00000072310,SREBF1
ENSG00000117298,ECE1
ENSG00000123983,ACSL3
ENSG00000171603,CLSTN1
ENSG00000109586,GALNT7
ENSG00000120798,NR2C1
ENSG00000213658,LAT
ENSG00000168140,VASN
ENSG00000142627,EPHA2
ENSG00000198590,C3orf35
ENSG00000221995,TIAF1
ENSG00000119681,LTBP2
ENSG00000149428,HYOU1
ENSG00000272556,GTF2IP13
ENSG00000197912,SPG7
ENSG00000162194,LBHD1
ENSG00000280383,Z95331.1
ENSG00000270231,NBPF8
ENSG00000277957,SENP3-EIF4A1
ENSG00000183401,CCDC159
ENSG00000005108,THSD7A
ENSG00000171931,FBXW10
ENSG00000099194,SCD
ENSG00000106692,FKTN
ENSG00000187244,BCAM
ENSG00000119946,CNNM1
ENSG00000163131,CTSS
ENSG00000213139,CRYGS
ENSG00000171903,CYP4F11
ENSG00000087301,TXNDC16
ENSG00000126583,PRKCG
ENSG00000268043,NBPF12
ENSG00000162572,SCNN1D
ENSG00000106133,NSUN5P2
ENSG00000170382,LRRN2
ENSG00000117724,CENPF
ENSG00000127603,MACF1
ENSG00000077235,GTF3C1
ENSG00000226380,AC016831.1
ENSG00000103222,ABCC1
ENSG00000120725,SIL1
ENSG00000177106,EPS8L2
ENSG00000160323,ADAMTS13
ENSG00000196352,CD55
ENSG00000138688,KIAA1109
ENSG00000197818,SLC9A8
ENSG00000153914,SREK1
ENSG00000019186,CYP24A1
ENSG00000134884,ARGLU1
ENSG00000162729,IGSF8
ENSG00000112852,PCDHB2
ENSG00000148400,NOTCH1
ENSG00000121064,SCPEP1
ENSG00000108588,CCDC47
ENSG00000167549,CORO6
ENSG00000149115,TNKS1BP1
ENSG00000089199,CHGB
ENSG00000182325,FBXL6
ENSG00000222009,BTBD19
ENSG00000115257,PCSK4
ENSG00000104805,NUCB1
ENSG00000171155,C1GALT1C1
ENSG00000100060,MFNG
ENSG00000171658,NMRAL2P
ENSG00000121210,TMEM131L
ENSG00000230177,AL080317.1
ENSG00000260942,CAPN10-DT
ENSG00000166343,MSS51
ENSG00000101004,NINL
ENSG00000132718,SYT11
ENSG00000271895,AL109811.2
ENSG00000100033,PRODH
ENSG00000198156,NPIPB6
ENSG00000259295,CSPG4P12
ENSG00000168056,LTBP3
ENSG00000161647,MPP3
ENSG00000261067,AC109460.3
ENSG00000278867,AC090616.6
ENSG00000176142,TMEM39A
ENSG00000168487,BMP1
ENSG00000206149,HERC2P9
ENSG00000007384,RHBDF1
ENSG00000139263,LRIG3
ENSG00000159167,STC1
ENSG00000204267,TAP2
ENSG00000164953,TMEM67
ENSG00000108352,RAPGEFL1
ENSG00000223839,FAM95B1
ENSG00000013588,GPRC5A
ENSG00000114770,ABCC5
ENSG00000152580,IGSF10
ENSG00000138018,SELENOI
ENSG00000035403,VCL
ENSG00000206503,HLA-A
ENSG00000170537,TMC7
ENSG00000267199,AP001029.2
ENSG00000223959,AFG3L1P
ENSG00000135317,SNX14
ENSG00000162601,MYSM1
ENSG00000150093,ITGB1
ENSG00000100242,SUN2
ENSG00000137070,IL11RA
ENSG00000116005,PCYOX1
ENSG00000099219,ERMP1
ENSG00000067141,NEO1
ENSG00000175054,ATR
ENSG00000122884,P4HA1
ENSG00000146242,TPBG
ENSG00000131400,NAPSA
ENSG00000142046,TMEM91
ENSG00000182934,SRPRA
ENSG00000130684,ZNF337
ENSG00000134243,SORT1
ENSG00000039068,CDH1
ENSG00000108784,NAGLU
ENSG00000101474,APMAP
ENSG00000120075,HOXB5
ENSG00000109501,WFS1
ENSG00000176809,LRRC37A3
ENSG00000286315,AC087175.1
ENSG00000155256,ZFYVE27
ENSG00000198899,MT-ATP6
ENSG00000124222,STX16
ENSG00000125848,FLRT3
ENSG00000196912,ANKRD36B
ENSG00000235706,DICER1-AS1
ENSG00000151651,ADAM8
ENSG00000008710,PKD1
ENSG00000171714,ANO5
ENSG00000182308,DCAF4L1
ENSG00000152582,SPEF2
ENSG00000224660,SH3BP5-AS1
ENSG00000100647,SUSD6
ENSG00000103335,PIEZO1
ENSG00000157306,ZFHX2-AS1
ENSG00000140400,MAN2C1
ENSG00000172071,EIF2AK3
ENSG00000169903,TM4SF4
ENSG00000115687,PASK
ENSG00000130203,APOE
ENSG00000141736,ERBB2
ENSG00000205853,RFPL3S
ENSG00000153208,MERTK
ENSG00000265018,AGAP12P
ENSG00000242574,HLA-DMB
ENSG00000250337,PURPL
ENSG00000162337,LRP5
ENSG00000087303,NID2
ENSG00000101191,DIDO1
ENSG00000116001,TIA1
ENSG00000130508,PXDN
ENSG00000183426,NPIPA1
ENSG00000102901,CENPT
ENSG00000171365,CLCN5
ENSG00000110911,SLC11A2
ENSG00000276547,PCDHGB5
ENSG00000156510,HKDC1
ENSG00000278662,GOLGA6L10
ENSG00000180155,LYNX1
ENSG00000270580,AC139256.2
ENSG00000159433,STARD9
ENSG00000181104,F2R
ENSG00000166415,WDR72
ENSG00000272994,AC012360.3
ENSG00000108848,LUC7L3
ENSG00000184564,SLITRK6
ENSG00000146433,TMEM181
ENSG00000164877,MICALL2
ENSG00000168615,ADAM9
ENSG00000147133,TAF1
ENSG00000136153,LMO7
ENSG00000253731,PCDHGA6
ENSG00000109861,CTSC
ENSG00000143061,IGSF3
ENSG00000054983,GALC
ENSG00000114859,CLCN2
ENSG00000186026,ZNF284
ENSG00000121989,ACVR2A
ENSG00000110344,UBE4A
ENSG00000153291,SLC25A27
ENSG00000037042,TUBG2
ENSG00000119514,GALNT12
ENSG00000262877,AC110285.2
ENSG00000255455,AP003486.1
ENSG00000163399,ATP1A1
ENSG00000113161,HMGCR
ENSG00000145908,ZNF300
ENSG00000105825,TFPI2
ENSG00000188385,JAKMIP3
ENSG00000011422,PLAUR
ENSG00000181016,LSMEM1
ENSG00000070961,ATP2B1
ENSG00000258634,AL160006.1
ENSG00000160949,TONSL
ENSG00000184226,PCDH9
ENSG00000204525,HLA-C
ENSG00000115380,EFEMP1
ENSG00000163703,CRELD1
ENSG00000164307,ERAP1
ENSG00000275180,AC048341.2
ENSG00000158528,PPP1R9A
ENSG00000129315,CCNT1
ENSG00000159086,PAXBP1
ENSG00000144214,LYG1
ENSG00000153201,RANBP2
ENSG00000206573,THUMPD3-AS1
ENSG00000141526,SLC16A3
ENSG00000185033,SEMA4B
ENSG00000063660,GPC1
ENSG00000182985,CADM1
ENSG00000160299,PCNT
ENSG00000130827,PLXNA3
ENSG00000230869,AGAP10P
ENSG00000198625,MDM4
ENSG00000130589,HELZ2
ENSG00000174106,LEMD3
ENSG00000257524,AL157935.2
ENSG00000177239,MAN1B1
ENSG00000110057,UNC93B1
ENSG00000165376,CLDN2
ENSG00000143153,ATP1B1
ENSG00000166479,TMX3
ENSG00000107331,ABCA2
ENSG00000103249,CLCN7
ENSG00000259972,AC009120.2
ENSG00000260644,HERC2P5
ENSG00000140451,PIF1
ENSG00000140443,IGF1R
ENSG00000130844,ZNF331
ENSG00000186908,ZDHHC17
ENSG00000011426,ANLN
ENSG00000188566,NDOR1
ENSG00000138658,ZGRF1
ENSG00000215041,NEURL4
ENSG00000151348,EXT2
ENSG00000183506,PI4KAP2
ENSG00000198064,NPIPB13
ENSG00000142871,CCN1
ENSG00000236017,ASMTL-AS1
ENSG00000103319,EEF2K
ENSG00000175787,ZNF169
ENSG00000155380,SLC16A1
ENSG00000115107,STEAP3
ENSG00000117479,SLC19A2
ENSG00000090581,GNPTG
ENSG00000179023,KLHDC7A
ENSG00000159322,ADPGK
ENSG00000144136,SLC20A1
ENSG00000129566,TEP1
ENSG00000120889,TNFRSF10B
ENSG00000134962,KLB
ENSG00000057252,SOAT1
ENSG00000285796,AL162458.1
ENSG00000283294,AP005212.4
ENSG00000173482,PTPRM
ENSG00000047457,CP
ENSG00000089057,SLC23A2
ENSG00000204271,SPIN3
ENSG00000131127,ZNF141
ENSG00000178726,THBD
ENSG00000236287,ZBED5
ENSG00000196739,COL27A1
ENSG00000185621,LMLN
ENSG00000196562,SULF2
ENSG00000109323,MANBA
ENSG00000128567,PODXL
ENSG00000110237,ARHGEF17
ENSG00000196296,ATP2A1
ENSG00000179218,CALR
ENSG00000205517,RGL3
ENSG00000185946,RNPC3
ENSG00000261490,AC005674.2
ENSG00000021826,CPS1
ENSG00000163617,CCDC191
ENSG00000280063,AC012676.5
ENSG00000181027,FKRP
ENSG00000000971,CFH
ENSG00000220785,MTMR9LP
ENSG00000245149,RNF139-AS1
ENSG00000227953,LINC01341
ENSG00000049860,HEXB
ENSG00000203392,AC105020.1
ENSG00000272578,AP000347.1
ENSG00000102805,CLN5
ENSG00000273449,AC093788.1
ENSG00000112414,ADGRG6
ENSG00000165028,NIPSNAP3B
ENSG00000197948,FCHSD1
ENSG00000090530,P3H2
ENSG00000104365,IKBKB
ENSG00000130477,UNC13A
ENSG00000130304,SLC27A1
ENSG00000100258,LMF2
ENSG00000101294,HM13
ENSG00000104213,PDGFRL
ENSG00000153933,DGKE
ENSG00000212694,LINC01089
ENSG00000164535,DAGLB
ENSG00000174080,CTSF
ENSG00000180422,LINC00304
ENSG00000185495,AC138393.1
ENSG00000116032,GRIN3B
ENSG00000132517,SLC52A1
ENSG00000130518,IQCN
ENSG00000152894,PTPRK
ENSG00000070476,ZXDC
ENSG00000204869,IGFL4
ENSG00000134575,ACP2
ENSG00000160326,SLC2A6
ENSG00000136156,ITM2B
ENSG00000224420,ADM5
ENSG00000232611,AL683813.1
ENSG00000251079,BMS1P2
ENSG00000167968,DNASE1L2
ENSG00000132793,LPIN3
ENSG00000176155,CCDC57
ENSG00000157214,STEAP2
ENSG00000118058,KMT2A
ENSG00000204965,PCDHA5
ENSG00000204623,ZNRD1ASP
ENSG00000178773,CPNE7
ENSG00000140688,C16orf58
ENSG00000001036,FUCA2
ENSG00000124155,PIGT
ENSG00000247982,LINC00926
ENSG00000274602,PI4KAP1
ENSG00000251474,RPL32P3
ENSG00000215022,AL008729.1
ENSG00000277938,AL035252.3
ENSG00000158604,TMED4
ENSG00000229152,ANKRD10-IT1
ENSG00000198910,L1CAM
ENSG00000152527,PLEKHH2
ENSG00000187720,THSD4
ENSG00000203761,MSTO2P
ENSG00000050426,LETMD1
ENSG00000185344,ATP6V0A2
ENSG00000046651,OFD1
ENSG00000214331,AC009053.1
ENSG00000172270,BSG
ENSG00000068078,FGFR3
ENSG00000168216,LMBRD1
ENSG00000064545,TMEM161A
ENSG00000108506,INTS2
ENSG00000257379,AC023509.1
ENSG00000116133,DHCR24
ENSG00000099326,MZF1
ENSG00000006071,ABCC8
ENSG00000230699,AL645608.2
ENSG00000274383,AC103691.1
ENSG00000115902,SLC1A4
ENSG00000178607,ERN1
ENSG00000286699,AC084198.2
ENSG00000254536,AL360181.3
ENSG00000152291,TGOLN2
ENSG00000244701,AC004918.1
ENSG00000165240,ATP7A
ENSG00000101464,PIGU
ENSG00000183718,TRIM52
ENSG00000214290,COLCA2
ENSG00000139324,TMTC3
ENSG00000070413,DGCR2
ENSG00000223855,AC147651.1
ENSG00000255182,AC084125.2
ENSG00000089692,LAG3
ENSG00000280164,CU638689.5
ENSG00000163453,IGFBP7
ENSG00000240038,AMY2B
ENSG00000254860,TMEM9B-AS1
ENSG00000164181,ELOVL7
ENSG00000120049,KCNIP2
ENSG00000157224,CLDN12
ENSG00000280287,AC131212.3
ENSG00000103227,LMF1
ENSG00000157399,ARSE
ENSG00000272316,AL021368.2
ENSG00000130175,PRKCSH
ENSG00000023318,ERP44
ENSG00000226562,CYP4F26P
ENSG00000129646,QRICH2
ENSG00000110811,P3H3
ENSG00000240288,GHRLOS
ENSG00000105612,DNASE2
ENSG00000150938,CRIM1
ENSG00000228253,MT-ATP8
ENSG00000131002,TXLNGY
ENSG00000106541,AGR2
ENSG00000269930,AC091057.3
ENSG00000107984,DKK1
ENSG00000181619,GPR135
ENSG00000284976,BX255925.3
ENSG00000248124,RRN3P1
ENSG00000256294,ZNF225
ENSG00000186301,MST1P2
ENSG00000132031,MATN3
ENSG00000197296,FITM2
ENSG00000005801,ZNF195
ENSG00000130529,TRPM4
ENSG00000185499,MUC1
ENSG00000260563,AC132872.1
ENSG00000261324,AC010168.2
ENSG00000164465,DCBLD1
ENSG00000112893,MAN2A1
ENSG00000229719,MIR194-2HG
ENSG00000261971,MMP25-AS1
ENSG00000065485,PDIA5
ENSG00000184985,SORCS2
ENSG00000167543,TP53I13
ENSG00000271870,AC024060.1
ENSG00000228049,POLR2J2
ENSG00000153558,FBXL2
ENSG00000113532,ST8SIA4
ENSG00000103064,SLC7A6
ENSG00000244055,AC007566.1
ENSG00000132688,NES
ENSG00000184205,TSPYL2
ENSG00000174915,PTDSS2
ENSG00000184492,FOXD4L1
ENSG00000258890,CEP95
ENSG00000173402,DAG1
ENSG00000269069,AC007842.1
ENSG00000204386,NEU1
ENSG00000164715,LMTK2
ENSG00000280128,AL662795.2
ENSG00000135637,CCDC142
ENSG00000286909,AC024560.4
ENSG00000223960,PRKRA-AS1
ENSG00000091129,NRCAM
ENSG00000170458,CD14
ENSG00000286207,AC012443.2
ENSG00000124942,AHNAK
ENSG00000103168,TAF1C
ENSG00000196455,PIK3R4
ENSG00000180815,MAP3K15
ENSG00000070081,NUCB2
ENSG00000171564,FGB
ENSG00000135917,SLC19A3
ENSG00000161395,PGAP3
ENSG00000287507,AP001053.1
ENSG00000136002,ARHGEF4
ENSG00000159348,CYB5R1
ENSG00000134285,FKBP11
ENSG00000258818,RNASE4
ENSG00000175309,PHYKPL
ENSG00000198198,SZT2
ENSG00000106080,FKBP14
ENSG00000062370,ZNF112
ENSG00000266820,KPNA2P3
ENSG00000214776,AC092821.1
ENSG00000230267,HERC2P4
ENSG00000178904,DPY19L3
ENSG00000147813,NAPRT
ENSG00000253953,PCDHGB4
ENSG00000139178,C1RL
ENSG00000123191,ATP7B
ENSG00000197405,C5AR1
ENSG00000141505,ASGR1
ENSG00000197375,SLC22A5
ENSG00000069696,DRD4
ENSG00000183856,IQGAP3
ENSG00000263126,AC040162.3
ENSG00000136492,BRIP1
ENSG00000170381,SEMA3E
ENSG00000118898,PPL
ENSG00000148175,STOM
ENSG00000164300,SERINC5
ENSG00000127022,CANX
ENSG00000147475,ERLIN2
ENSG00000287707,AC115284.4
ENSG00000212123,PRR22
ENSG00000183853,KIRREL1
ENSG00000033011,ALG1
ENSG00000065923,SLC9A7
ENSG00000092969,TGFB2
ENSG00000113971,NPHP3
ENSG00000173706,HEG1
ENSG00000257621,PSMA3-AS1
ENSG00000261094,AC007066.2
ENSG00000010310,GIPR
ENSG00000145476,CYP4V2
ENSG00000174437,ATP2A2
ENSG00000177058,SLC38A9
ENSG00000249115,HAUS5
ENSG00000120093,HOXB3
ENSG00000135407,AVIL
ENSG00000197558,SSPO
ENSG00000065665,SEC61A2
ENSG00000166704,ZNF606
ENSG00000283341,AC068205.2
ENSG00000013573,DDX11
ENSG00000179403,VWA1
ENSG00000196118,CCDC189
ENSG00000127586,CHTF18
ENSG00000049239,H6PD
ENSG00000111801,BTN3A3
ENSG00000077942,FBLN1
ENSG00000054654,SYNE2
ENSG00000160613,PCSK7
ENSG00000244242,IFITM10
ENSG00000070018,LRP6
ENSG00000013523,ANGEL1
ENSG00000257556,LINC02298
ENSG00000073060,SCARB1
ENSG00000129667,RHBDF2
ENSG00000211459,MT-RNR1
ENSG00000179163,FUCA1
ENSG00000132824,SERINC3
ENSG00000135541,AHI1
ENSG00000058668,ATP2B4
ENSG00000196247,ZNF107
ENSG00000162086,ZNF75A
ENSG00000235703,LINC00894
ENSG00000139190,VAMP1
ENSG00000111684,LPCAT3
ENSG00000259562,AC090607.2
ENSG00000225032,AL162586.1
ENSG00000204186,ZDBF2
ENSG00000140526,ABHD2
ENSG00000072274,TFRC
ENSG00000107281,NPDC1
ENSG00000154889,MPPE1
ENSG00000173040,EVC2
ENSG00000164976,MYORG
ENSG00000197816,CCDC180
ENSG00000184465,WDR27
ENSG00000263276,AC020978.7
ENSG00000197102,DYNC1H1
ENSG00000168026,TTC21A
ENSG00000279672,AP006621.5
ENSG00000158769,F11R
ENSG00000084444,FAM234B
ENSG00000082641,NFE2L1
ENSG00000198169,ZNF251
ENSG00000255408,PCDHA3
ENSG00000140538,NTRK3
ENSG00000221988,PPT2
ENSG00000183281,PLGLB1
ENSG00000180626,ZNF594
ENSG00000166473,PKD1L2
ENSG00000279608,AL353795.3
ENSG00000121057,AKAP1
ENSG00000166004,CEP295
ENSG00000272734,ADIRF-AS1
ENSG00000163347,CLDN1
ENSG00000181392,SYNE4
ENSG00000129007,CALML4
ENSG00000183098,GPC6
ENSG00000099904,ZDHHC8
ENSG00000167925,GHDC
ENSG00000185101,ANO9
ENSG00000096093,EFHC1
ENSG00000228649,SNHG26
ENSG00000141519,CCDC40
ENSG00000004468,CD38
ENSG00000254815,AP006284.1
ENSG00000099365,STX1B
ENSG00000104689,TNFRSF10A
ENSG00000166033,HTRA1
ENSG00000169684,CHRNA5
ENSG00000180914,OXTR
ENSG00000264608,AC005726.3
ENSG00000131471,AOC3
ENSG00000182141,ZNF708
ENSG00000060656,PTPRU
ENSG00000006756,ARSD
ENSG00000249087,ZNF436-AS1
ENSG00000152952,PLOD2
ENSG00000104635,SLC39A14
ENSG00000134830,C5AR2
ENSG00000276570,AC010327.6
ENSG00000240498,CDKN2B-AS1
ENSG00000260197,AC010889.1
ENSG00000153246,PLA2R1
ENSG00000267940,AC022762.2
ENSG00000278985,AC092718.7
ENSG00000105281,SLC1A5
ENSG00000220161,LINC02076
ENSG00000139644,TMBIM6
ENSG00000164251,F2RL1
ENSG00000188599,NPIPP1
ENSG00000128595,CALU
ENSG00000184925,LCN12
ENSG00000149380,P4HA3
ENSG00000198712,MT-CO2
ENSG00000164733,CTSB
ENSG00000119688,ABCD4
ENSG00000160298,C21orf58
ENSG00000280434,AL031595.3
ENSG00000164619,BMPER
ENSG00000159917,ZNF235
ENSG00000114554,PLXNA1
ENSG00000172638,EFEMP2
ENSG00000165124,SVEP1
ENSG00000115556,PLCD4
ENSG00000258301,VASH1-AS1
ENSG00000054967,RELT
ENSG00000084073,ZMPSTE24
ENSG00000182253,SYNM
ENSG00000179913,B3GNT3
ENSG00000198932,GPRASP1
ENSG00000146350,TBC1D32
ENSG00000271383,NBPF19
ENSG00000135919,SERPINE2
ENSG00000104518,GSDMD
ENSG00000197530,MIB2
ENSG00000099337,KCNK6
ENSG00000280388,AC006330.1
ENSG00000272669,AL021707.6
ENSG00000102158,MAGT1
ENSG00000143669,LYST
ENSG00000260196,AC124798.1
ENSG00000159958,TNFRSF13C
ENSG00000110013,SIAE
ENSG00000147100,SLC16A2
ENSG00000147118,ZNF182
ENSG00000130202,NECTIN2
ENSG00000238083,LRRC37A2
ENSG00000110881,ASIC1
ENSG00000153956,CACNA2D1
ENSG00000166450,PRTG
ENSG00000279696,AP001273.1
ENSG00000168763,CNNM3
ENSG00000076706,AP002956.1
ENSG00000243696,AC006254.1
ENSG00000106003,LFNG
ENSG00000183773,AIFM3
ENSG00000051523,CYBA
ENSG00000139370,SLC15A4
ENSG00000038002,AGA
ENSG00000167619,TMEM145
ENSG00000136895,GARNL3
ENSG00000160179,ABCG1
ENSG00000169855,ROBO1
ENSG00000140199,SLC12A6
ENSG00000160712,IL6R
ENSG00000184916,JAG2
ENSG00000260751,AC008870.2
ENSG00000158158,CNNM4
ENSG00000230797,YY2
ENSG00000160766,GBAP1
ENSG00000275131,AC241952.1
ENSG00000142892,PIGK
ENSG00000147852,VLDLR
ENSG00000196083,IL1RAP
ENSG00000177595,PIDD1
ENSG00000141012,GALNS
ENSG00000134762,DSC3
ENSG00000115884,SDC1
ENSG00000214279,SCART1
ENSG00000160746,ANO10
ENSG00000280237,MIR4697HG
ENSG00000136986,DERL1
ENSG00000271533,Z83843.1
ENSG00000249242,TMEM150C
ENSG00000198689,SLC9A6
ENSG00000178623,GPR35
ENSG00000164362,TERT
ENSG00000175564,UCP3
ENSG00000167123,CERCAM
ENSG00000175106,TVP23C
ENSG00000187961,KLHL17
ENSG00000224635,AL391095.1
ENSG00000100038,TOP3B
ENSG00000173559,NABP1
ENSG00000262333,HNRNPA1P16
ENSG00000145040,UCN2
ENSG00000170919,TPT1-AS1
ENSG00000164930,FZD6
ENSG00000258559,AC005519.1
ENSG00000183060,LYSMD4
ENSG00000138600,SPPL2A
ENSG00000276672,AL161891.1
ENSG00000090857,PDPR
ENSG00000114988,LMAN2L
ENSG00000234745,HLA-B
ENSG00000144959,NCEH1
ENSG00000150995,ITPR1
ENSG00000185986,SDHAP3
ENSG00000100429,HDAC10
ENSG00000278963,AC005921.3
ENSG00000143178,TBX19
ENSG00000078399,HOXA9
ENSG00000244038,DDOST
ENSG00000081087,OSTM1
ENSG00000100926,TM9SF1
ENSG00000232300,FAM215B
ENSG00000206262,FOXL2NB
ENSG00000169914,OTUD3
ENSG00000286964,AL136169.1
ENSG00000214274,ANG
ENSG00000091986,CCDC80
ENSG00000146414,SHPRH
ENSG00000251136,AF117829.1
ENSG00000287306,AC016821.1
ENSG00000165923,AGBL2
ENSG00000116774,OLFML3
ENSG00000181634,TNFSF15
ENSG00000284128,AP000356.3
ENSG00000263072,ZNF213-AS1
ENSG00000242622,AC092910.3
ENSG00000143641,GALNT2
ENSG00000068650,ATP11A
ENSG00000198874,TYW1
ENSG00000163378,EOGT
ENSG00000206527,HACD2
ENSG00000272807,AC007038.2
ENSG00000286977,Z83745.1
ENSG00000280152,AC009078.3
ENSG00000277744,AC011462.4
ENSG00000265218,AC103810.2
ENSG00000170558,CDH2
ENSG00000244165,P2RY11
ENSG00000113194,FAF2
ENSG00000234353,AP000346.2
ENSG00000262228,AC087392.3
ENSG00000124749,COL21A1
ENSG00000101187,SLCO4A1
ENSG00000116962,NID1
ENSG00000068697,LAPTM4A
ENSG00000197261,C6orf141
ENSG00000184371,CSF1
ENSG00000197822,OCLN
ENSG00000134901,POGLUT2
ENSG00000169242,EFNA1
ENSG00000145020,AMT
ENSG00000056736,IL17RB
ENSG00000173638,SLC19A1
ENSG00000259891,AC107375.1
ENSG00000241769,LINC00893
ENSG00000086548,CEACAM6
ENSG00000011478,QPCTL
ENSG00000232656,IDI2-AS1
ENSG00000226332,AL354836.1
ENSG00000279529,AC008764.8
ENSG00000253537,PCDHGA7
ENSG00000136816,TOR1B
ENSG00000131504,DIAPH1
ENSG00000262943,ALOX12P2
ENSG00000090520,DNAJB11
ENSG00000087253,LPCAT2
ENSG00000260966,AP001486.2
ENSG00000280332,AC020917.4
ENSG00000143753,DEGS1
ENSG00000142552,RCN3
ENSG00000090054,SPTLC1
ENSG00000251485,AC068134.3
ENSG00000197119,SLC25A29
ENSG00000278983,AC048380.2
ENSG00000116815,CD58
ENSG00000169031,COL4A3
ENSG00000185522,LMNTD2
ENSG00000137673,MMP7
ENSG00000165810,BTNL9
ENSG00000261488,TBILA
ENSG00000167703,SLC43A2
ENSG00000160117,ANKLE1
ENSG00000268069,AC004466.1
ENSG00000269242,AC010422.3
ENSG00000119977,TCTN3
ENSG00000139133,ALG10
ENSG00000166147,FBN1
ENSG00000140519,RHCG
ENSG00000104853,CLPTM1
ENSG00000279347,AC021945.1
ENSG00000155760,FZD7
ENSG00000074696,HACD3
ENSG00000279803,AC009090.5
ENSG00000166762,CATSPER2
ENSG00000205702,CYP2D7
ENSG00000233937,AC008443.1
ENSG00000226696,LENG8-AS1
ENSG00000143369,ECM1
ENSG00000279342,AP000866.6
ENSG00000153898,MCOLN2
ENSG00000204344,STK19
ENSG00000218336,TENM3
ENSG00000150637,CD226
ENSG00000274460,AC092119.2
ENSG00000214837,LINC01347
ENSG00000279821,AC145098.2
ENSG00000006118,TMEM132A
ENSG00000027697,IFNGR1
ENSG00000009950,MLXIPL
ENSG00000181790,ADGRB1
ENSG00000279453,Z99129.4
ENSG00000114638,UPK1B
ENSG00000274272,AC069281.2
ENSG00000162426,SLC45A1
ENSG00000153982,GDPD1
ENSG00000213339,QTRT1
ENSG00000176978,DPP7
ENSG00000181097,AC105219.1
ENSG00000138380,CARF
ENSG00000197989,SNHG12
ENSG00000151694,ADAM17
ENSG00000250251,PKD1P6
ENSG00000246339,EXTL3-AS1
ENSG00000165323,FAT3
ENSG00000109929,SC5D
ENSG00000273576,AC009283.1
ENSG00000026103,FAS
ENSG00000173214,MFSD4B
ENSG00000260774,AC021087.3
ENSG00000103978,TMEM87A
ENSG00000213420,GPC2
ENSG00000256223,ZNF10
ENSG00000204764,RANBP17
ENSG00000158163,DZIP1L
ENSG00000264548,AC132872.2
ENSG00000183971,NPW
ENSG00000129749,CHRNA10
ENSG00000261716,HIST2H2BC
ENSG00000254402,LRRC24
ENSG00000186481,ANKRD20A5P
ENSG00000275491,LINC01730
ENSG00000140678,ITGAX
ENSG00000146674,IGFBP3
ENSG00000102890,ELMO3
ENSG00000204956,PCDHGA1
ENSG00000155970,MICU3
ENSG00000160602,AC010761.1
ENSG00000116729,WLS
ENSG00000273329,AC078846.1
ENSG00000164626,KCNK5
ENSG00000169682,SPNS1
ENSG00000249592,AC139887.2
ENSG00000260852,FBXL19-AS1
ENSG00000285188,AC008397.2
ENSG00000242802,AP5Z1
ENSG00000197603,CPLANE1
ENSG00000233327,USP32P2
ENSG00000105696,AC003112.1
ENSG00000198753,PLXNB3
ENSG00000128000,ZNF780B
ENSG00000279089,AC005839.1
ENSG00000197847,SLC22A20P
ENSG00000146842,TMEM209
ENSG00000212127,TAS2R14
ENSG00000101955,SRPX
ENSG00000113209,PCDHB5
ENSG00000143870,PDIA6
ENSG00000260404,AC110079.1
ENSG00000169418,NPR1
ENSG00000172824,CES4A
ENSG00000229425,AJ009632.2
ENSG00000241388,HNF1A-AS1
ENSG00000174130,TLR6
ENSG00000221890,NPTXR
ENSG00000162825,NBPF20
ENSG00000127366,TAS2R5
ENSG00000142949,PTPRF
ENSG00000102385,DRP2
ENSG00000184840,TMED9
ENSG00000111012,CYP27B1
ENSG00000159588,CCDC17
ENSG00000234616,JRK
ENSG00000183484,GPR132
ENSG00000240184,PCDHGC3
ENSG00000247095,MIR210HG
ENSG00000269378,AC022149.1
ENSG00000167103,PIP5KL1
ENSG00000171951,SCG2
ENSG00000176681,LRRC37A
ENSG00000107742,SPOCK2
ENSG00000163794,UCN
ENSG00000260907,AC015818.2
ENSG00000050344,NFE2L3
ENSG00000181744,DIPK2A
ENSG00000206127,GOLGA8O
ENSG00000273448,AC006480.2
ENSG00000151967,SCHIP1
ENSG00000281183,NPTN-IT1
ENSG00000152377,SPOCK1
ENSG00000285886,AC211476.6
ENSG00000165269,AQP7
ENSG00000283709,FAM238C
ENSG00000197283,SYNGAP1
ENSG00000203722,RAET1G
ENSG00000100100,PIK3IP1
ENSG00000124549,BTN2A3P
ENSG00000170412,GPRC5C
ENSG00000175322,ZNF519
ENSG00000250802,ZBED3-AS1
ENSG00000164616,FBXL21P
ENSG00000287562,AL109615.4
ENSG00000279744,AC132938.5
ENSG00000273759,AL117379.1
ENSG00000272374,Z97832.2
ENSG00000122861,PLAU
ENSG00000173083,HPSE
ENSG00000229299,AL121845.1
ENSG00000245275,SAP30L-AS1
ENSG00000136542,GALNT5
ENSG00000136026,CKAP4
ENSG00000102100,SLC35A2
ENSG00000179846,NKPD1
ENSG00000286813,AC015871.6
ENSG00000256453,DND1
ENSG00000171867,PRNP
ENSG00000147576,ADHFE1
ENSG00000125037,EMC3
ENSG00000278133,AC135050.6
ENSG00000157388,CACNA1D
ENSG00000109063,MYH3
ENSG00000134153,EMC7
ENSG00000278987,AL031009.1
ENSG00000104814,MAP4K1
ENSG00000240291,AL450384.2
ENSG00000214063,TSPAN4
ENSG00000114841,DNAH1
ENSG00000279518,AC083843.4
ENSG00000270127,AC027020.2
ENSG00000089820,ARHGAP4
ENSG00000123201,GUCY1B2
ENSG00000272668,AL590560.2
ENSG00000276517,AL133243.3
ENSG00000260669,AL096870.3
ENSG00000261794,GOLGA8H
ENSG00000280069,AC127024.8
ENSG00000124882,EREG
ENSG00000279555,AC091181.1
ENSG00000126759,CFP
ENSG00000267632,AC067852.3
ENSG00000145246,ATP10D
ENSG00000140323,DISP2
ENSG00000015413,DPEP1
ENSG00000280239,AC011498.7
ENSG00000155850,SLC26A2
ENSG00000205885,C1RL-AS1
ENSG00000256040,PAPPA-AS1
ENSG00000081041,CXCL2
ENSG00000188766,SPRED3
ENSG00000162804,SNED1
ENSG00000261286,ATP2C2-AS1
ENSG00000165197,VEGFD
ENSG00000166825,ANPEP
ENSG00000102362,SYTL4
ENSG00000005421,PON1
ENSG00000264772,AC016876.2
ENSG00000099251,HSD17B7P2
ENSG00000268230,AC012313.3
ENSG00000204257,HLA-DMA
ENSG00000146411,SLC2A12
ENSG00000109736,MFSD10
ENSG00000188092,GPR89B
ENSG00000231305,AC112484.1
ENSG00000280046,AC104581.4
ENSG00000124602,UNC5CL
ENSG00000234062,AL390879.1
ENSG00000110651,CD81
ENSG00000069702,TGFBR3
ENSG00000128709,HOXD9
ENSG00000272563,AC016745.2
ENSG00000182742,HOXB4
ENSG00000185070,FLRT2
ENSG00000279520,AC093525.8
ENSG00000170835,CEL
ENSG00000163126,ANKRD23
ENSG00000262766,AC135050.5
ENSG00000168389,MFSD2A
ENSG00000287037,AC097709.1
ENSG00000006283,CACNA1G
ENSG00000259408,AC010809.2
ENSG00000264456,AC138207.4
ENSG00000174501,ANKRD36C
ENSG00000106927,AMBP
ENSG00000279289,AL136164.3
ENSG00000171680,PLEKHG5
ENSG00000268401,AC007785.3
ENSG00000101276,SLC52A3
ENSG00000224903,AC005534.1
ENSG00000269982,AC018809.2
ENSG00000135437,RDH5
ENSG00000204177,BMS1P1
ENSG00000198855,FICD
ENSG00000134755,DSC2
ENSG00000255571,MIR9-3HG
ENSG00000178752,ERFE
ENSG00000110169,HPX
ENSG00000196653,ZNF502
ENSG00000128917,DLL4
ENSG00000241119,UGT1A9
ENSG00000286214,AUXG01000058.1
ENSG00000226180,AC010536.1
ENSG00000184163,C1QTNF12
ENSG00000242798,AC073842.2
ENSG00000184988,TMEM106A
ENSG00000131480,AOC2
ENSG00000280198,AC087163.3
ENSG00000279041,AC102945.2
ENSG00000257527,AC126755.2
ENSG00000158023,WDR66
ENSG00000272356,AL080317.3
ENSG00000120054,CPN1
ENSG00000143382,ADAMTSL4
ENSG00000176593,AC008969.1
ENSG00000171962,DRC3
ENSG00000164308,ERAP2
ENSG00000156398,SFXN2
ENSG00000274808,TBC1D3B
ENSG00000037749,MFAP3
ENSG00000146678,IGFBP1
ENSG00000243749,TMEM35B
ENSG00000173261,PLAC8L1
ENSG00000276115,AC026356.2
ENSG00000131650,KREMEN2
ENSG00000278991,AC090181.3
ENSG00000105376,ICAM5
ENSG00000188687,SLC4A5
ENSG00000281195,AC007878.1
ENSG00000226419,SLC16A1-AS1
ENSG00000276259,AC009118.3
ENSG00000187942,LDLRAD2
ENSG00000283378,CNTNAP3C
ENSG00000125657,TNFSF9
ENSG00000225813,AC009299.1
ENSG00000269821,KCNQ1OT1
ENSG00000113211,PCDHB6
ENSG00000188211,NCR3LG1
ENSG00000261560,AC007216.3
ENSG00000279108,AC008537.3
ENSG00000285804,AC025774.1
ENSG00000162461,SLC25A34
ENSG00000172771,EFCAB12
ENSG00000276386,CNTNAP3P2
ENSG00000287569,AL078587.2
ENSG00000231105,AL031728.1
ENSG00000173705,SUSD5
ENSG00000262691,AC040160.1
ENSG00000260912,AL158206.1
ENSG00000165548,TMEM63C
ENSG00000144476,ACKR3
ENSG00000254632,AP003119.1
ENSG00000172197,MBOAT1
ENSG00000267283,AC005306.1
ENSG00000287001,AC010624.5
ENSG00000275056,AC020663.3
ENSG00000263874,LINC00672
ENSG00000197580,BCO2
ENSG00000227232,WASH7P
ENSG00000134531,EMP1
ENSG00000156869,FRRS1
ENSG00000254876,SUGT1P4-STRA6LP
ENSG00000144452,ABCA12
ENSG00000248015,AC005329.1
ENSG00000259953,AL138756.1
ENSG00000148288,GBGT1
ENSG00000275807,AC145285.6
ENSG00000177990,DPY19L2
ENSG00000228393,LINC01004
ENSG00000072041,SLC6A15
ENSG00000114923,SLC4A3
ENSG00000262772,LINC01977
ENSG00000203650,LINC01285
ENSG00000281404,LINC01176
ENSG00000130413,STK33
ENSG00000269939,PCF11-AS1
ENSG00000186715,MST1L
ENSG00000234719,NPIPB2
ENSG00000147174,GCNA
ENSG00000261584,AL513548.1
ENSG00000254681,PKD1P5
ENSG00000179242,CDH4
ENSG00000142677,IL22RA1
ENSG00000204311,PJVK
ENSG00000260293,AC106820.4
ENSG00000117425,PTCH2
ENSG00000173991,TCAP
ENSG00000139679,LPAR6
ENSG00000279425,AC092279.2
ENSG00000198237,AC131392.1
ENSG00000182580,EPHB3
ENSG00000272630,AL731563.3
ENSG00000204099,NEU4
ENSG00000261247,GOLGA8T
ENSG00000267322,SNHG22
ENSG00000156711,MAPK13
ENSG00000198223,CSF2RA
ENSG00000255423,EBLN2
ENSG00000132274,TRIM22
ENSG00000228672,PROB1
ENSG00000279199,AC068669.1
ENSG00000124215,CDH26
ENSG00000206561,COLQ
ENSG00000260877,AP005233.2
ENSG00000146021,KLHL3
ENSG00000261159,AC112484.3
ENSG00000204149,AGAP6
ENSG00000240399,AC004801.2
ENSG00000278224,PRICKLE4
ENSG00000238795,SCARNA12
ENSG00000130768,SMPDL3B
ENSG00000197857,ZNF44
ENSG00000259921,AC022819.1
ENSG00000093100,AC016026.1
ENSG00000204941,PSG5
ENSG00000128482,RNF112
ENSG00000116883,AL591845.1
ENSG00000137968,SLC44A5
ENSG00000235381,AL596202.1
ENSG00000102886,GDPD3
ENSG00000269947,AC135178.5
ENSG00000139192,TAPBPL
ENSG00000137440,FGFBP1
ENSG00000079385,CEACAM1
ENSG00000187800,PEAR1
ENSG00000237491,AL669831.5
ENSG00000285596,AC017116.2
ENSG00000231453,LINC01305
ENSG00000276445,AC005393.1
ENSG00000278156,TSC22D1-AS1
ENSG00000255508,AP002990.1
ENSG00000279196,AC135048.4
ENSG00000164776,PHKG1
ENSG00000240053,LY6G5B
ENSG00000261126,RBFADN
ENSG00000278950,AC138907.8
ENSG00000263069,AC124319.3
ENSG00000171747,LGALS4
ENSG00000123999,INHA
ENSG00000205085,FAM71F2
ENSG00000281207,SLFNL1-AS1
ENSG00000250397,AP006623.1
ENSG00000253305,PCDHGB6
ENSG00000172232,AZU1
ENSG00000275645,AC068338.3
ENSG00000226232,NPIPB14P
ENSG00000248592,STIMATE-MUSTN1
ENSG00000259803,SLC22A31
ENSG00000271327,AC010201.2
ENSG00000147059,SPIN2A
ENSG00000278989,AP001148.1
ENSG00000276248,AL442125.1
ENSG00000185482,STAC3
ENSG00000213057,C1orf220
ENSG00000273002,AL355388.2
ENSG00000127364,TAS2R4
ENSG00000168961,LGALS9
ENSG00000161270,NPHS1
ENSG00000228314,CYP4F29P
ENSG00000118402,ELOVL4
ENSG00000168447,SCNN1B
ENSG00000107731,UNC5B
ENSG00000254154,CRYZL2P-SEC16B
ENSG00000260792,LINC02280
ENSG00000254911,SCARNA9
ENSG00000196724,ZNF418
ENSG00000249931,GOLGA8K
ENSG00000167483,FAM129C
ENSG00000256029,AL590560.1
ENSG00000279765,AC013394.1
ENSG00000134668,SPOCD1
ENSG00000171786,NHLH1
ENSG00000162997,PRORSD1P
ENSG00000172367,PDZD3
ENSG00000085117,CD82
ENSG00000163395,IGFN1
ENSG00000250575,AL732372.3
ENSG00000223658,C1GALT1C1L
ENSG00000106688,SLC1A1
ENSG00000256667,KLRA1P
ENSG00000169429,CXCL8
ENSG00000115266,APC2
ENSG00000141540,TTYH2
ENSG00000267892,AC022144.1
ENSG00000260339,HEXA-AS1
ENSG00000127507,ADGRE2
ENSG00000114786,ABHD14A-ACY1
ENSG00000100342,APOL1
ENSG00000285106,AC016831.7
ENSG00000001561,ENPP4
ENSG00000273148,LINC00653
ENSG00000142765,SYTL1
ENSG00000261468,AC096921.2
ENSG00000184441,AP001062.1
ENSG00000170160,CCDC144A
ENSG00000261136,AC023908.3
ENSG00000130653,PNPLA7
ENSG00000099840,IZUMO4
ENSG00000149564,ESAM
ENSG00000021645,NRXN3
ENSG00000260418,AL023284.4
ENSG00000211454,AKR7L
ENSG00000174123,TLR10
ENSG00000140675,SLC5A2
ENSG00000260428,SCX
ENSG00000100626,GALNT16
ENSG00000227740,AL513329.1
ENSG00000204758,AC008429.1
ENSG00000177076,ACER2
ENSG00000271862,AC104118.1
ENSG00000225345,SNX18P3
ENSG00000101306,MYLK2
ENSG00000270091,AC015726.1
ENSG00000152049,KCNE4
ENSG00000106686,SPATA6L
ENSG00000254872,LINC02688
ENSG00000101197,BIRC7
ENSG00000163393,SLC22A15
ENSG00000186019,AC021092.1
ENSG00000167992,VWCE
ENSG00000237836,PHKA2-AS1
ENSG00000121005,CRISPLD1
ENSG00000118514,ALDH8A1
ENSG00000153294,ADGRF4
ENSG00000260899,AC106886.2
ENSG00000198754,OXCT2
ENSG00000058085,LAMC2
ENSG00000126353,CCR7
ENSG00000259349,AC011921.1
ENSG00000253326,AL606534.4
ENSG00000261135,AL137802.2
ENSG00000115604,IL18R1
ENSG00000184786,TCTE3
ENSG00000218274,AL121949.2
ENSG00000188833,ENTPD8
ENSG00000262468,LINC01569
ENSG00000263235,AC006111.2
ENSG00000204642,HLA-F
ENSG00000165731,RET
ENSG00000197106,SLC6A17
ENSG00000170345,FOS
ENSG00000280145,CU638689.4
ENSG00000090339,ICAM1
ENSG00000007516,BAIAP3
ENSG00000170629,DPY19L2P2
ENSG00000258210,AC144548.1
ENSG00000203772,SPRN
ENSG00000114200,BCHE
ENSG00000189136,UBE2Q2P1
ENSG00000184206,GOLGA6L4
ENSG00000100604,CHGA
ENSG00000261054,AC036108.2
ENSG00000258790,AL121594.1
ENSG00000148926,ADM
ENSG00000163297,ANTXR2
ENSG00000279432,AC015799.1
ENSG00000278570,NR2E3
ENSG00000261220,AC103706.1
ENSG00000186056,MATN1-AS1
ENSG00000237950,AL357079.1
ENSG00000205754,SLCO1B7
ENSG00000197776,KLHDC1
ENSG00000270195,AC016773.1
ENSG00000269399,AC008764.6
ENSG00000269910,AL049840.2
ENSG00000272145,NFYC-AS1
ENSG00000155093,PTPRN2
ENSG00000244731,C4A
ENSG00000272800,AC021851.1
ENSG00000260778,AC009065.4
ENSG00000142233,NTN5
ENSG00000280143,AP000892.3
ENSG00000272040,AC010245.2
ENSG00000275620,AL121827.2
ENSG00000270605,AL353622.1
ENSG00000061656,SPAG4
ENSG00000259172,AC023024.1
ENSG00000272872,AP000525.1
ENSG00000188897,AC099489.1
ENSG00000283782,AC116366.3
ENSG00000204282,TNRC6C-AS1
ENSG00000230724,LINC01001
ENSG00000164404,GDF9
ENSG00000100147,CCDC134
ENSG00000197208,SLC22A4
ENSG00000170482,SLC23A1
ENSG00000260855,AL591848.4
ENSG00000179954,SSC5D
ENSG00000169246,NPIPB3
ENSG00000081853,PCDHGA2
ENSG00000128510,CPA4
ENSG00000278233,RNA5-8SN2
ENSG00000186594,MIR22HG
ENSG00000176826,FKBP9P1
ENSG00000235530,AC087294.1
ENSG00000205710,C17orf107
ENSG00000253636,AC022893.1
ENSG00000143847,PPFIA4
ENSG00000269896,AL513477.1
ENSG00000232233,LINC02043
ENSG00000147166,ITGB1BP2
ENSG00000243302,AC018638.4
ENSG00000117983,MUC5B
ENSG00000287424,AC080079.2
ENSG00000259488,AC023355.1
ENSG00000204970,PCDHA1
ENSG00000277142,LINC00235
ENSG00000265692,LINC01970
ENSG00000136999,CCN3
ENSG00000229816,DDX50P1
ENSG00000280136,AC240565.1
ENSG00000113140,SPARC
ENSG00000155980,KIF5A
ENSG00000167371,PRRT2
ENSG00000157343,ARMC12
ENSG00000271009,AC116667.1
ENSG00000273018,FAM106A
ENSG00000115221,ITGB6
ENSG00000111644,ACRBP
ENSG00000103226,NOMO3
ENSG00000250264,AL669918.1
ENSG00000117480,FAAH
ENSG00000275481,AC025031.4
ENSG00000183458,AC138932.1
ENSG00000242588,AC108010.1
ENSG00000213901,SLC23A3
ENSG00000220201,ZGLP1
ENSG00000284602,AL031432.4
ENSG00000269900,RMRP
ENSG00000266258,LINC01909
ENSG00000205041,AC118344.1
ENSG00000149201,CCDC81
ENSG00000284773,AC114490.3
ENSG00000280042,AC022336.3
ENSG00000287737,AC132872.5
ENSG00000272589,ZSWIM8-AS1
ENSG00000269404,SPIB
ENSG00000163520,FBLN2
ENSG00000166405,RIC3
ENSG00000278000,AC139100.2
ENSG00000251634,AC145138.1
ENSG00000284820,AC068946.2
ENSG00000237094,AL732372.2
ENSG00000261832,AC138894.1
ENSG00000260280,SLX1B-SULT1A4
ENSG00000283930,AL117339.5
