ensembl_gene_id,Symbol,Biotype
ENSG00000000971,CFH,protein_coding
ENSG00000001036,FUCA2,protein_coding
ENSG00000001561,ENPP4,protein_coding
ENSG00000003436,TFPI,protein_coding
ENSG00000005108,THSD7A,protein_coding
ENSG00000005206,SPPL2B,protein_coding
ENSG00000005801,ZNF195,protein_coding
ENSG00000005884,ITGA3,protein_coding
ENSG00000005893,LAMP2,protein_coding
ENSG00000006071,ABCC8,protein_coding
ENSG00000007402,CACNA2D2,protein_coding
ENSG00000008300,CELSR3,protein_coding
ENSG00000010278,CD9,protein_coding
ENSG00000010310,GIPR,protein_coding
ENSG00000010704,HFE,protein_coding
ENSG00000011021,CLCN6,protein_coding
ENSG00000011028,MRC2,protein_coding
ENSG00000011426,ANLN,protein_coding
ENSG00000012171,SEMA3B,protein_coding
ENSG00000013288,MAN2B2,protein_coding
ENSG00000013588,GPRC5A,protein_coding
ENSG00000014123,UFL1,protein_coding
ENSG00000015532,XYLT2,protein_coding
ENSG00000015568,RGPD5,protein_coding
ENSG00000018236,CNTN1,protein_coding
ENSG00000021645,NRXN3,protein_coding
ENSG00000021826,CPS1,protein_coding
ENSG00000023318,ERP44,protein_coding
ENSG00000023839,ABCC2,protein_coding
ENSG00000026036,RTEL1-TNFRSF6B,protein_coding
ENSG00000026652,AGPAT4,protein_coding
ENSG00000027697,IFNGR1,protein_coding
ENSG00000030582,GRN,protein_coding
ENSG00000033011,ALG1,protein_coding
ENSG00000033627,ATP6V0A1,protein_coding
ENSG00000033867,SLC4A7,protein_coding
ENSG00000035403,VCL,protein_coding
ENSG00000038002,AGA,protein_coding
ENSG00000038427,VCAN,protein_coding
ENSG00000039068,CDH1,protein_coding
ENSG00000042445,RETSAT,protein_coding
ENSG00000044574,HSPA5,protein_coding
ENSG00000046604,DSG2,protein_coding
ENSG00000047410,TPR,protein_coding
ENSG00000047457,CP,protein_coding
ENSG00000049323,LTBP1,protein_coding
ENSG00000049860,HEXB,protein_coding
ENSG00000050344,NFE2L3,protein_coding
ENSG00000050555,LAMC3,protein_coding
ENSG00000052841,TTC17,protein_coding
ENSG00000053747,LAMA3,protein_coding
ENSG00000054654,SYNE2,protein_coding
ENSG00000054690,PLEKHH1,protein_coding
ENSG00000054983,GALC,protein_coding
ENSG00000055732,MCOLN3,protein_coding
ENSG00000055955,ITIH4,protein_coding
ENSG00000056736,IL17RB,protein_coding
ENSG00000057252,SOAT1,protein_coding
ENSG00000058085,LAMC2,protein_coding
ENSG00000058668,ATP2B4,protein_coding
ENSG00000059804,SLC2A3,protein_coding
ENSG00000060718,COL11A1,protein_coding
ENSG00000062370,ZNF112,protein_coding
ENSG00000062716,VMP1,protein_coding
ENSG00000063127,SLC6A16,protein_coding
ENSG00000063660,GPC1,protein_coding
ENSG00000064545,TMEM161A,protein_coding
ENSG00000064601,CTSA,protein_coding
ENSG00000064651,SLC12A2,protein_coding
ENSG00000064687,ABCA7,protein_coding
ENSG00000065665,SEC61A2,protein_coding
ENSG00000066279,ASPM,protein_coding
ENSG00000067141,NEO1,protein_coding
ENSG00000069493,CLEC2D,protein_coding
ENSG00000069696,DRD4,protein_coding
ENSG00000070018,LRP6,protein_coding
ENSG00000070081,NUCB2,protein_coding
ENSG00000070269,TMEM260,protein_coding
ENSG00000070961,ATP2B1,protein_coding
ENSG00000071537,SEL1L,protein_coding
ENSG00000071553,ATP6AP1,protein_coding
ENSG00000071991,CDH19,protein_coding
ENSG00000072042,RDH11,protein_coding
ENSG00000072274,TFRC,protein_coding
ENSG00000072310,SREBF1,protein_coding
ENSG00000072682,P4HA2,protein_coding
ENSG00000073605,GSDMB,protein_coding
ENSG00000073756,PTGS2,protein_coding
ENSG00000074181,NOTCH3,protein_coding
ENSG00000074410,CA12,protein_coding
ENSG00000074695,LMAN1,protein_coding
ENSG00000074855,ANO8,protein_coding
ENSG00000075213,SEMA3A,protein_coding
ENSG00000075275,CELSR1,protein_coding
ENSG00000075292,ZNF638,protein_coding
ENSG00000075568,TMEM131,protein_coding
ENSG00000075826,SEC31B,protein_coding
ENSG00000076706,MCAM,protein_coding
ENSG00000077235,GTF3C1,protein_coding
ENSG00000078399,HOXA9,protein_coding
ENSG00000078401,EDN1,protein_coding
ENSG00000079112,CDH17,protein_coding
ENSG00000080493,SLC4A4,protein_coding
ENSG00000080947,CROCCP3,transcribed_unprocessed_pseudogene
ENSG00000081041,CXCL2,protein_coding
ENSG00000081052,COL4A4,protein_coding
ENSG00000081853,PCDHGA2,protein_coding
ENSG00000082258,CCNT2,protein_coding
ENSG00000083444,PLOD1,protein_coding
ENSG00000083857,FAT1,protein_coding
ENSG00000084073,ZMPSTE24,protein_coding
ENSG00000084234,APLP2,protein_coding
ENSG00000084444,FAM234B,protein_coding
ENSG00000085514,PILRA,protein_coding
ENSG00000086548,CEACAM6,protein_coding
ENSG00000087301,TXNDC16,protein_coding
ENSG00000087303,NID2,protein_coding
ENSG00000088035,ALG6,protein_coding
ENSG00000088340,FER1L4,transcribed_unitary_pseudogene
ENSG00000088812,ATRN,protein_coding
ENSG00000088836,SLC4A11,protein_coding
ENSG00000089597,GANAB,protein_coding
ENSG00000089692,LAG3,protein_coding
ENSG00000090006,LTBP4,protein_coding
ENSG00000090054,SPTLC1,protein_coding
ENSG00000090339,ICAM1,protein_coding
ENSG00000090530,P3H2,protein_coding
ENSG00000090863,GLG1,protein_coding
ENSG00000091129,NRCAM,protein_coding
ENSG00000091136,LAMB1,protein_coding
ENSG00000091409,ITGA6,protein_coding
ENSG00000092096,SLC22A17,protein_coding
ENSG00000092758,COL9A3,protein_coding
ENSG00000092969,TGFB2,protein_coding
ENSG00000093100,,lncRNA
ENSG00000099219,ERMP1,protein_coding
ENSG00000099250,NRP1,protein_coding
ENSG00000099251,HSD17B7P2,transcribed_unprocessed_pseudogene
ENSG00000099725,PRKY,transcribed_unitary_pseudogene
ENSG00000099994,SUSD2,protein_coding
ENSG00000100033,PRODH,protein_coding
ENSG00000100060,MFNG,protein_coding
ENSG00000100068,LRP5L,transcribed_unprocessed_pseudogene
ENSG00000100100,PIK3IP1,protein_coding
ENSG00000100197,CYP2D6,protein_coding
ENSG00000100242,SUN2,protein_coding
ENSG00000100258,LMF2,protein_coding
ENSG00000100299,ARSA,protein_coding
ENSG00000100342,APOL1,protein_coding
ENSG00000100600,LGMN,protein_coding
ENSG00000100767,PAPLN,protein_coding
ENSG00000100918,REC8,protein_coding
ENSG00000100941,PNN,protein_coding
ENSG00000101104,PABPC1L,protein_coding
ENSG00000101115,SALL4,protein_coding
ENSG00000101294,HM13,protein_coding
ENSG00000101337,TM9SF4,protein_coding
ENSG00000101384,JAG1,protein_coding
ENSG00000101464,PIGU,protein_coding
ENSG00000101474,APMAP,protein_coding
ENSG00000101955,SRPX,protein_coding
ENSG00000102287,GABRE,protein_coding
ENSG00000102359,SRPX2,protein_coding
ENSG00000102595,UGGT2,protein_coding
ENSG00000102805,CLN5,protein_coding
ENSG00000102854,MSLN,protein_coding
ENSG00000102878,HSF4,protein_coding
ENSG00000103196,CRISPLD2,protein_coding
ENSG00000103222,ABCC1,protein_coding
ENSG00000103226,NOMO3,protein_coding
ENSG00000103269,RHBDL1,protein_coding
ENSG00000103335,PIEZO1,protein_coding
ENSG00000103512,NOMO1,protein_coding
ENSG00000103978,TMEM87A,protein_coding
ENSG00000103995,CEP152,protein_coding
ENSG00000104213,PDGFRL,protein_coding
ENSG00000104689,TNFRSF10A,protein_coding
ENSG00000104783,KCNN4,protein_coding
ENSG00000104805,NUCB1,protein_coding
ENSG00000104899,AMH,protein_coding
ENSG00000105270,CLIP3,protein_coding
ENSG00000105281,SLC1A5,protein_coding
ENSG00000105376,ICAM5,protein_coding
ENSG00000105409,ATP1A3,protein_coding
ENSG00000105429,MEGF8,protein_coding
ENSG00000105519,CAPS,protein_coding
ENSG00000105726,ATP13A1,protein_coding
ENSG00000105825,TFPI2,protein_coding
ENSG00000106258,CYP3A5,protein_coding
ENSG00000106366,SERPINE1,protein_coding
ENSG00000106397,PLOD3,protein_coding
ENSG00000106714,CNTNAP3,protein_coding
ENSG00000106804,C5,protein_coding
ENSG00000107789,MINPP1,protein_coding
ENSG00000107798,LIPA,protein_coding
ENSG00000108352,RAPGEFL1,protein_coding
ENSG00000108474,PIGL,protein_coding
ENSG00000108582,CPD,protein_coding
ENSG00000108588,CCDC47,protein_coding
ENSG00000108679,LGALS3BP,protein_coding
ENSG00000108784,NAGLU,protein_coding
ENSG00000108797,CNTNAP1,protein_coding
ENSG00000108846,ABCC3,protein_coding
ENSG00000108848,LUC7L3,protein_coding
ENSG00000109063,MYH3,protein_coding
ENSG00000109072,VTN,protein_coding
ENSG00000109501,WFS1,protein_coding
ENSG00000109586,GALNT7,protein_coding
ENSG00000109861,CTSC,protein_coding
ENSG00000110013,SIAE,protein_coding
ENSG00000110344,UBE4A,protein_coding
ENSG00000110455,ACCS,protein_coding
ENSG00000110628,SLC22A18,protein_coding
ENSG00000110719,TCIRG1,protein_coding
ENSG00000110811,P3H3,protein_coding
ENSG00000110888,CAPRIN2,protein_coding
ENSG00000110911,SLC11A2,protein_coding
ENSG00000111664,GNB3,protein_coding
ENSG00000111788,DDX12B,transcribed_unprocessed_pseudogene
ENSG00000111799,COL12A1,protein_coding
ENSG00000111801,BTN3A3,protein_coding
ENSG00000111897,SERINC1,protein_coding
ENSG00000112414,ADGRG6,protein_coding
ENSG00000112655,PTK7,protein_coding
ENSG00000112852,PCDHB2,protein_coding
ENSG00000112893,MAN2A1,protein_coding
ENSG00000113108,APBB3,protein_coding
ENSG00000113140,SPARC,protein_coding
ENSG00000113161,HMGCR,protein_coding
ENSG00000113209,PCDHB5,protein_coding
ENSG00000113211,PCDHB6,protein_coding
ENSG00000113441,LNPEP,protein_coding
ENSG00000113504,SLC12A7,protein_coding
ENSG00000114270,COL7A1,protein_coding
ENSG00000114554,PLXNA1,protein_coding
ENSG00000114770,ABCC5,protein_coding
ENSG00000114771,AADAC,protein_coding
ENSG00000114786,ABHD14A-ACY1,protein_coding
ENSG00000114841,DNAH1,protein_coding
ENSG00000114857,NKTR,protein_coding
ENSG00000115107,STEAP3,protein_coding
ENSG00000115232,ITGA4,protein_coding
ENSG00000115257,PCSK4,protein_coding
ENSG00000115275,MOGS,protein_coding
ENSG00000115306,SPTBN1,protein_coding
ENSG00000115380,EFEMP1,protein_coding
ENSG00000115414,FN1,protein_coding
ENSG00000115657,ABCB6,protein_coding
ENSG00000115828,QPCT,protein_coding
ENSG00000115841,RMDN2,protein_coding
ENSG00000115902,SLC1A4,protein_coding
ENSG00000116005,PCYOX1,protein_coding
ENSG00000116032,GRIN3B,protein_coding
ENSG00000116039,ATP6V1B1,protein_coding
ENSG00000116260,QSOX1,protein_coding
ENSG00000116406,EDEM3,protein_coding
ENSG00000116729,WLS,protein_coding
ENSG00000116774,OLFML3,protein_coding
ENSG00000116962,NID1,protein_coding
ENSG00000117298,ECE1,protein_coding
ENSG00000117335,CD46,protein_coding
ENSG00000117385,P3H1,protein_coding
ENSG00000117394,SLC2A1,protein_coding
ENSG00000117407,ARTN,protein_coding
ENSG00000117425,PTCH2,protein_coding
ENSG00000117480,FAAH,protein_coding
ENSG00000117523,PRRC2C,protein_coding
ENSG00000117616,RSRP1,protein_coding
ENSG00000117724,CENPF,protein_coding
ENSG00000117983,MUC5B,protein_coding
ENSG00000117984,CTSD,protein_coding
ENSG00000118257,NRP2,protein_coding
ENSG00000118523,CCN2,protein_coding
ENSG00000118705,RPN2,protein_coding
ENSG00000118762,PKD2,protein_coding
ENSG00000118785,SPP1,protein_coding
ENSG00000119514,GALNT12,protein_coding
ENSG00000119977,TCTN3,protein_coding
ENSG00000120049,KCNIP2,protein_coding
ENSG00000120075,HOXB5,protein_coding
ENSG00000120708,TGFBI,protein_coding
ENSG00000120885,CLU,protein_coding
ENSG00000121005,CRISPLD1,protein_coding
ENSG00000121064,SCPEP1,protein_coding
ENSG00000121210,TMEM131L,protein_coding
ENSG00000121716,PILRB,protein_coding
ENSG00000121989,ACVR2A,protein_coding
ENSG00000122483,CCDC18,protein_coding
ENSG00000122884,P4HA1,protein_coding
ENSG00000123104,ITPR2,protein_coding
ENSG00000123146,ADGRE5,protein_coding
ENSG00000123384,LRP1,protein_coding
ENSG00000123983,ACSL3,protein_coding
ENSG00000123999,INHA,protein_coding
ENSG00000124067,SLC12A4,protein_coding
ENSG00000124549,BTN2A3P,transcribed_unprocessed_pseudogene
ENSG00000124574,ABCC10,protein_coding
ENSG00000124743,KLHL31,protein_coding
ENSG00000124749,COL21A1,protein_coding
ENSG00000124942,AHNAK,protein_coding
ENSG00000125304,TM9SF2,protein_coding
ENSG00000125434,SLC25A35,protein_coding
ENSG00000125730,C3,protein_coding
ENSG00000125740,FOSB,protein_coding
ENSG00000125844,RRBP1,protein_coding
ENSG00000125848,FLRT3,protein_coding
ENSG00000126759,CFP,protein_coding
ENSG00000126777,KTN1,protein_coding
ENSG00000127022,CANX,protein_coding
ENSG00000127364,TAS2R4,protein_coding
ENSG00000127366,TAS2R5,protein_coding
ENSG00000127415,IDUA,protein_coding
ENSG00000127419,TMEM175,protein_coding
ENSG00000127463,EMC1,protein_coding
ENSG00000127507,ADGRE2,protein_coding
ENSG00000127603,MACF1,protein_coding
ENSG00000127914,AKAP9,protein_coding
ENSG00000127948,POR,protein_coding
ENSG00000128159,TUBGCP6,protein_coding
ENSG00000128262,POM121L9P,transcribed_unprocessed_pseudogene
ENSG00000128510,CPA4,protein_coding
ENSG00000128595,CALU,protein_coding
ENSG00000128709,HOXD9,protein_coding
ENSG00000128917,DLL4,protein_coding
ENSG00000129003,VPS13C,protein_coding
ENSG00000129007,CALML4,protein_coding
ENSG00000130164,LDLR,protein_coding
ENSG00000130175,PRKCSH,protein_coding
ENSG00000130203,APOE,protein_coding
ENSG00000130508,PXDN,protein_coding
ENSG00000130635,COL5A1,protein_coding
ENSG00000130653,PNPLA7,protein_coding
ENSG00000130702,LAMA5,protein_coding
ENSG00000130714,POMT1,protein_coding
ENSG00000130768,SMPDL3B,protein_coding
ENSG00000130844,ZNF331,protein_coding
ENSG00000131067,GGT7,protein_coding
ENSG00000131127,ZNF141,protein_coding
ENSG00000131389,SLC6A6,protein_coding
ENSG00000131400,NAPSA,protein_coding
ENSG00000131471,AOC3,protein_coding
ENSG00000131797,CLUHP3,transcribed_unprocessed_pseudogene
ENSG00000132031,MATN3,protein_coding
ENSG00000132182,NUP210,protein_coding
ENSG00000132424,PNISR,protein_coding
ENSG00000132470,ITGB4,protein_coding
ENSG00000132517,SLC52A1,protein_coding
ENSG00000132561,MATN2,protein_coding
ENSG00000132680,KHDC4,protein_coding
ENSG00000132688,NES,protein_coding
ENSG00000133624,ZNF767P,transcribed_unprocessed_pseudogene
ENSG00000133636,NTS,protein_coding
ENSG00000133858,ZFC3H1,protein_coding
ENSG00000134013,LOXL2,protein_coding
ENSG00000134250,NOTCH2,protein_coding
ENSG00000134255,CEPT1,protein_coding
ENSG00000134294,SLC38A2,protein_coding
ENSG00000134313,KIDINS220,protein_coding
ENSG00000134569,LRP4,protein_coding
ENSG00000134575,ACP2,protein_coding
ENSG00000134755,DSC2,protein_coding
ENSG00000134762,DSC3,protein_coding
ENSG00000134824,FADS2,protein_coding
ENSG00000134871,COL4A2,protein_coding
ENSG00000134884,ARGLU1,protein_coding
ENSG00000134910,STT3A,protein_coding
ENSG00000134962,KLB,protein_coding
ENSG00000135047,CTSL,protein_coding
ENSG00000135048,CEMIP2,protein_coding
ENSG00000135205,CCDC146,protein_coding
ENSG00000135317,SNX14,protein_coding
ENSG00000135506,OS9,protein_coding
ENSG00000135677,GNS,protein_coding
ENSG00000135740,SLC9A5,protein_coding
ENSG00000135837,CEP350,protein_coding
ENSG00000135862,LAMC1,protein_coding
ENSG00000135919,SERPINE2,protein_coding
ENSG00000135976,ANKRD36,protein_coding
ENSG00000136002,ARHGEF4,protein_coding
ENSG00000136068,FLNB,protein_coding
ENSG00000136153,LMO7,protein_coding
ENSG00000136156,ITM2B,protein_coding
ENSG00000136378,ADAMTS7,protein_coding
ENSG00000136542,GALNT5,protein_coding
ENSG00000136731,UGGT1,protein_coding
ENSG00000136943,CTSV,protein_coding
ENSG00000136999,CCN3,protein_coding
ENSG00000137070,IL11RA,protein_coding
ENSG00000137261,KIAA0319,protein_coding
ENSG00000137440,FGFBP1,protein_coding
ENSG00000137496,IL18BP,protein_coding
ENSG00000137642,SORL1,protein_coding
ENSG00000137673,MMP7,protein_coding
ENSG00000137801,THBS1,protein_coding
ENSG00000137809,ITGA11,protein_coding
ENSG00000137812,KNL1,protein_coding
ENSG00000137845,ADAM10,protein_coding
ENSG00000137868,STRA6,protein_coding
ENSG00000137877,SPTBN5,protein_coding
ENSG00000138018,SELENOI,protein_coding
ENSG00000138448,ITGAV,protein_coding
ENSG00000138600,SPPL2A,protein_coding
ENSG00000138658,ZGRF1,protein_coding
ENSG00000138688,BLTP1,protein_coding
ENSG00000138759,FRAS1,protein_coding
ENSG00000138778,CENPE,protein_coding
ENSG00000138829,FBN2,protein_coding
ENSG00000138834,MAPK8IP3,protein_coding
ENSG00000139133,ALG10,protein_coding
ENSG00000139182,CLSTN3,protein_coding
ENSG00000139190,VAMP1,protein_coding
ENSG00000139192,TAPBPL,protein_coding
ENSG00000139263,LRIG3,protein_coding
ENSG00000139324,TMTC3,protein_coding
ENSG00000139631,CSAD,protein_coding
ENSG00000139641,ESYT1,protein_coding
ENSG00000139679,LPAR6,protein_coding
ENSG00000140284,SLC27A2,protein_coding
ENSG00000140398,NEIL1,protein_coding
ENSG00000140451,PIF1,protein_coding
ENSG00000140511,HAPLN3,protein_coding
ENSG00000140545,MFGE8,protein_coding
ENSG00000140575,IQGAP1,protein_coding
ENSG00000140678,ITGAX,protein_coding
ENSG00000141458,NPC1,protein_coding
ENSG00000141505,ASGR1,protein_coding
ENSG00000141756,FKBP10,protein_coding
ENSG00000142046,TMEM91,protein_coding
ENSG00000142102,PGGHG,protein_coding
ENSG00000142156,COL6A1,protein_coding
ENSG00000142173,COL6A2,protein_coding
ENSG00000142192,APP,protein_coding
ENSG00000142303,ADAMTS10,protein_coding
ENSG00000142408,CACNG8,protein_coding
ENSG00000142552,RCN3,protein_coding
ENSG00000142627,EPHA2,protein_coding
ENSG00000142798,HSPG2,protein_coding
ENSG00000142871,CCN1,protein_coding
ENSG00000142892,PIGK,protein_coding
ENSG00000143126,CELSR2,protein_coding
ENSG00000143127,ITGA10,protein_coding
ENSG00000143369,ECM1,protein_coding
ENSG00000143375,CGN,protein_coding
ENSG00000143387,CTSK,protein_coding
ENSG00000143434,SEMA6C,protein_coding
ENSG00000143512,HHIPL2,protein_coding
ENSG00000143554,SLC27A3,protein_coding
ENSG00000143630,HCN3,protein_coding
ENSG00000143643,TTC13,protein_coding
ENSG00000143847,PPFIA4,protein_coding
ENSG00000144214,LYG1,protein_coding
ENSG00000144395,CCDC150,protein_coding
ENSG00000144476,ACKR3,protein_coding
ENSG00000144802,NFKBIZ,protein_coding
ENSG00000145020,AMT,protein_coding
ENSG00000145040,UCN2,protein_coding
ENSG00000145246,ATP10D,protein_coding
ENSG00000145495,MARCHF6,protein_coding
ENSG00000145623,OSMR,protein_coding
ENSG00000145882,PCYOX1L,protein_coding
ENSG00000145908,ZNF300,protein_coding
ENSG00000146067,FAM193B,protein_coding
ENSG00000146094,DOK3,protein_coding
ENSG00000146242,TPBG,protein_coding
ENSG00000146411,SLC2A12,protein_coding
ENSG00000146530,VWDE,protein_coding
ENSG00000146648,EGFR,protein_coding
ENSG00000146802,TMEM168,protein_coding
ENSG00000146828,SLC12A9,protein_coding
ENSG00000147162,OGT,protein_coding
ENSG00000147166,ITGB1BP2,protein_coding
ENSG00000147437,GNRH1,protein_coding
ENSG00000147852,VLDLR,protein_coding
ENSG00000148400,NOTCH1,protein_coding
ENSG00000148926,ADM,protein_coding
ENSG00000149257,SERPINH1,protein_coding
ENSG00000149311,ATM,protein_coding
ENSG00000149428,HYOU1,protein_coding
ENSG00000150093,ITGB1,protein_coding
ENSG00000150637,CD226,protein_coding
ENSG00000150938,CRIM1,protein_coding
ENSG00000151006,PRSS53,protein_coding
ENSG00000151012,SLC7A11,protein_coding
ENSG00000151176,PLBD2,protein_coding
ENSG00000151348,EXT2,protein_coding
ENSG00000151651,ADAM8,protein_coding
ENSG00000151914,DST,protein_coding
ENSG00000152291,TGOLN2,protein_coding
ENSG00000152377,SPOCK1,protein_coding
ENSG00000152580,IGSF10,protein_coding
ENSG00000152582,SPEF2,protein_coding
ENSG00000152661,GJA1,protein_coding
ENSG00000152818,UTRN,protein_coding
ENSG00000152926,ZNF117,protein_coding
ENSG00000152952,PLOD2,protein_coding
ENSG00000153132,CLGN,protein_coding
ENSG00000153157,SYCP2L,protein_coding
ENSG00000153201,RANBP2,protein_coding
ENSG00000153208,MERTK,protein_coding
ENSG00000153214,TMEM87B,protein_coding
ENSG00000153246,PLA2R1,protein_coding
ENSG00000153291,SLC25A27,protein_coding
ENSG00000153558,FBXL2,protein_coding
ENSG00000153898,MCOLN2,protein_coding
ENSG00000153933,DGKE,protein_coding
ENSG00000153982,GDPD1,protein_coding
ENSG00000154265,ABCA5,protein_coding
ENSG00000154305,MIA3,protein_coding
ENSG00000154358,OBSCN,protein_coding
ENSG00000154529,CNTNAP3B,protein_coding
ENSG00000154874,CCDC144BP,transcribed_unprocessed_pseudogene
ENSG00000155256,ZFYVE27,protein_coding
ENSG00000155304,HSPA13,protein_coding
ENSG00000155380,SLC16A1,protein_coding
ENSG00000155428,TRIM74,protein_coding
ENSG00000155660,PDIA4,protein_coding
ENSG00000156510,HKDC1,protein_coding
ENSG00000156535,CD109,protein_coding
ENSG00000156711,MAPK13,protein_coding
ENSG00000156869,FRRS1,protein_coding
ENSG00000157181,ODR4,protein_coding
ENSG00000157214,STEAP2,protein_coding
ENSG00000157227,MMP14,protein_coding
ENSG00000157306,ZFHX2-AS1,lncRNA
ENSG00000157388,CACNA1D,protein_coding
ENSG00000157637,SLC38A10,protein_coding
ENSG00000158106,RHPN1,protein_coding
ENSG00000158201,ABHD3,protein_coding
ENSG00000158220,ESYT3,protein_coding
ENSG00000158286,RNF207,protein_coding
ENSG00000158528,PPP1R9A,protein_coding
ENSG00000159167,STC1,protein_coding
ENSG00000159322,ADPGK,protein_coding
ENSG00000159403,C1R,protein_coding
ENSG00000159588,CCDC17,protein_coding
ENSG00000159958,TNFRSF13C,protein_coding
ENSG00000160117,ANKLE1,protein_coding
ENSG00000160746,ANO10,protein_coding
ENSG00000160781,PAQR6,protein_coding
ENSG00000161395,PGAP3,protein_coding
ENSG00000161509,GRIN2C,protein_coding
ENSG00000161638,ITGA5,protein_coding
ENSG00000162004,CCDC78,protein_coding
ENSG00000162298,SYVN1,protein_coding
ENSG00000162341,TPCN2,protein_coding
ENSG00000162572,SCNN1D,protein_coding
ENSG00000162591,MEGF6,protein_coding
ENSG00000162601,MYSM1,protein_coding
ENSG00000162695,SLC30A7,protein_coding
ENSG00000162729,IGSF8,protein_coding
ENSG00000162736,NCSTN,protein_coding
ENSG00000162769,FLVCR1,protein_coding
ENSG00000162825,NBPF20,protein_coding
ENSG00000162994,CLHC1,protein_coding
ENSG00000163126,ANKRD23,protein_coding
ENSG00000163131,CTSS,protein_coding
ENSG00000163162,RNF149,protein_coding
ENSG00000163346,PBXIP1,protein_coding
ENSG00000163389,POGLUT1,protein_coding
ENSG00000163395,IGFN1,protein_coding
ENSG00000163399,ATP1A1,protein_coding
ENSG00000163430,FSTL1,protein_coding
ENSG00000163453,IGFBP7,protein_coding
ENSG00000163520,FBLN2,protein_coding
ENSG00000163536,SERPINI1,protein_coding
ENSG00000163617,CCDC191,protein_coding
ENSG00000163660,CCNL1,protein_coding
ENSG00000163728,TTC14,protein_coding
ENSG00000163956,LRPAP1,protein_coding
ENSG00000163975,MELTF,protein_coding
ENSG00000164050,PLXNB1,protein_coding
ENSG00000164073,MFSD8,protein_coding
ENSG00000164078,MST1R,protein_coding
ENSG00000164171,ITGA2,protein_coding
ENSG00000164180,TMEM161B,protein_coding
ENSG00000164187,LMBRD2,protein_coding
ENSG00000164307,ERAP1,protein_coding
ENSG00000164308,ERAP2,protein_coding
ENSG00000164406,LEAP2,protein_coding
ENSG00000164535,DAGLB,protein_coding
ENSG00000164626,KCNK5,protein_coding
ENSG00000164828,SUN1,protein_coding
ENSG00000164953,TMEM67,protein_coding
ENSG00000165028,NIPSNAP3B,protein_coding
ENSG00000165029,ABCA1,protein_coding
ENSG00000165124,SVEP1,protein_coding
ENSG00000165240,ATP7A,protein_coding
ENSG00000165269,AQP7,protein_coding
ENSG00000165272,AQP3,protein_coding
ENSG00000165282,PIGO,protein_coding
ENSG00000165323,FAT3,protein_coding
ENSG00000165376,CLDN2,protein_coding
ENSG00000165661,QSOX2,protein_coding
ENSG00000165810,BTNL9,protein_coding
ENSG00000165923,AGBL2,protein_coding
ENSG00000166004,CEP295,protein_coding
ENSG00000166106,ADAMTS15,protein_coding
ENSG00000166147,FBN1,protein_coding
ENSG00000166340,TPP1,protein_coding
ENSG00000166343,MSS51,protein_coding
ENSG00000166405,RIC3,protein_coding
ENSG00000166436,TRIM66,protein_coding
ENSG00000166450,PRTG,protein_coding
ENSG00000166471,TMEM41B,protein_coding
ENSG00000166479,TMX3,protein_coding
ENSG00000166598,HSP90B1,protein_coding
ENSG00000166762,CATSPER2,protein_coding
ENSG00000166881,NEMP1,protein_coding
ENSG00000167004,PDIA3,protein_coding
ENSG00000167371,PRRT2,protein_coding
ENSG00000167524,RSKR,protein_coding
ENSG00000167525,PROCA1,protein_coding
ENSG00000167549,CORO6,protein_coding
ENSG00000167615,LENG8,protein_coding
ENSG00000167702,KIFC2,protein_coding
ENSG00000167772,ANGPTL4,protein_coding
ENSG00000167968,DNASE1L2,protein_coding
ENSG00000167978,SRRM2,protein_coding
ENSG00000168003,SLC3A2,protein_coding
ENSG00000168010,ATG16L2,protein_coding
ENSG00000168140,VASN,protein_coding
ENSG00000168216,LMBRD1,protein_coding
ENSG00000168615,ADAM9,protein_coding
ENSG00000168970,JMJD7-PLA2G4B,protein_coding
ENSG00000169031,COL4A3,protein_coding
ENSG00000169174,PCSK9,protein_coding
ENSG00000169203,NPIPB12,protein_coding
ENSG00000169246,NPIPB3,protein_coding
ENSG00000169359,SLC33A1,protein_coding
ENSG00000169418,NPR1,protein_coding
ENSG00000169429,CXCL8,protein_coding
ENSG00000169432,SCN9A,protein_coding
ENSG00000169855,ROBO1,protein_coding
ENSG00000169903,TM4SF4,protein_coding
ENSG00000169919,GUSB,protein_coding
ENSG00000170017,ALCAM,protein_coding
ENSG00000170049,KCNAB3,protein_coding
ENSG00000170160,CCDC144A,protein_coding
ENSG00000170345,FOS,protein_coding
ENSG00000170381,SEMA3E,protein_coding
ENSG00000170458,CD14,protein_coding
ENSG00000170558,CDH2,protein_coding
ENSG00000170775,GPR37,protein_coding
ENSG00000170876,TMEM43,protein_coding
ENSG00000171155,C1GALT1C1,protein_coding
ENSG00000171298,GAA,protein_coding
ENSG00000171365,CLCN5,protein_coding
ENSG00000171560,FGA,protein_coding
ENSG00000171564,FGB,protein_coding
ENSG00000171603,CLSTN1,protein_coding
ENSG00000171714,ANO5,protein_coding
ENSG00000171931,FBXW10,protein_coding
ENSG00000171951,SCG2,protein_coding
ENSG00000171988,JMJD1C,protein_coding
ENSG00000172037,LAMB2,protein_coding
ENSG00000172232,AZU1,protein_coding
ENSG00000172269,DPAGT1,protein_coding
ENSG00000172270,BSG,protein_coding
ENSG00000172638,EFEMP2,protein_coding
ENSG00000172650,AGAP5,protein_coding
ENSG00000173040,EVC2,protein_coding
ENSG00000173209,AHSA2P,transcribed_unitary_pseudogene
ENSG00000173230,GOLGB1,protein_coding
ENSG00000173530,TNFRSF10D,protein_coding
ENSG00000173531,MST1,protein_coding
ENSG00000173705,SUSD5,protein_coding
ENSG00000173706,HEG1,protein_coding
ENSG00000174080,CTSF,protein_coding
ENSG00000174106,LEMD3,protein_coding
ENSG00000174130,TLR6,protein_coding
ENSG00000174227,PIGG,protein_coding
ENSG00000174233,ADCY6,protein_coding
ENSG00000174938,SEZ6L2,protein_coding
ENSG00000175265,GOLGA8A,protein_coding
ENSG00000175322,ZNF519,protein_coding
ENSG00000175455,CCDC14,protein_coding
ENSG00000175548,ALG10B,protein_coding
ENSG00000175564,UCP3,protein_coding
ENSG00000175787,ZNF169,protein_coding
ENSG00000176155,CCDC57,protein_coding
ENSG00000176593,ZNF606-AS1,lncRNA
ENSG00000177239,MAN1B1,protein_coding
ENSG00000177628,GBA1,protein_coding
ENSG00000177853,ZNF518A,protein_coding
ENSG00000177943,MAMDC4,protein_coding
ENSG00000177990,DPY19L2,protein_coding
ENSG00000178038,ALS2CL,protein_coding
ENSG00000178209,PLEC,protein_coding
ENSG00000178295,GEN1,protein_coding
ENSG00000178338,ZNF354B,protein_coding
ENSG00000178467,P4HTM,protein_coding
ENSG00000178623,GPR35,protein_coding
ENSG00000178726,THBD,protein_coding
ENSG00000178773,CPNE7,protein_coding
ENSG00000178809,TRIM73,protein_coding
ENSG00000179023,KLHDC7A,protein_coding
ENSG00000179163,FUCA1,protein_coding
ENSG00000179218,CALR,protein_coding
ENSG00000179240,GVQW3,protein_coding
ENSG00000179304,FAM156B,protein_coding
ENSG00000179387,ELMOD2,protein_coding
ENSG00000179406,LINC00174,lncRNA
ENSG00000179532,DNHD1,protein_coding
ENSG00000179698,WDR97,protein_coding
ENSG00000179954,SSC5D,protein_coding
ENSG00000179978,NAIPP2,transcribed_unprocessed_pseudogene
ENSG00000180210,F2,protein_coding
ENSG00000180376,CCDC66,protein_coding
ENSG00000180914,OXTR,protein_coding
ENSG00000181016,LSMEM1,protein_coding
ENSG00000181392,SYNE4,protein_coding
ENSG00000181523,SGSH,protein_coding
ENSG00000181619,GPR135,protein_coding
ENSG00000182220,ATP6AP2,protein_coding
ENSG00000182308,DCAF4L1,protein_coding
ENSG00000182326,C1S,protein_coding
ENSG00000182685,BRICD5,protein_coding
ENSG00000182700,IGIP,protein_coding
ENSG00000182742,HOXB4,protein_coding
ENSG00000182752,PAPPA,protein_coding
ENSG00000182796,TMEM198B,transcribed_unitary_pseudogene
ENSG00000182871,COL18A1,protein_coding
ENSG00000182985,CADM1,protein_coding
ENSG00000183098,GPC6,protein_coding
ENSG00000183281,PLGLB1,protein_coding
ENSG00000183718,TRIM52,protein_coding
ENSG00000184206,GOLGA6L4,protein_coding
ENSG00000184226,PCDH9,protein_coding
ENSG00000184381,PLA2G6,protein_coding
ENSG00000184445,KNTC1,protein_coding
ENSG00000184465,WDR27,protein_coding
ENSG00000184564,SLITRK6,protein_coding
ENSG00000184786,DYNLT2,protein_coding
ENSG00000184925,LCN12,protein_coding
ENSG00000184949,FAM227A,protein_coding
ENSG00000184985,SORCS2,protein_coding
ENSG00000184995,IFNE,protein_coding
ENSG00000185033,SEMA4B,protein_coding
ENSG00000185070,FLRT2,protein_coding
ENSG00000185101,ANO9,protein_coding
ENSG00000185164,NOMO2,protein_coding
ENSG00000185495,SEPTIN7P13,transcribed_unprocessed_pseudogene
ENSG00000185499,MUC1,protein_coding
ENSG00000185513,L3MBTL1,protein_coding
ENSG00000185585,OLFML2A,protein_coding
ENSG00000185615,PDIA2,protein_coding
ENSG00000185621,LMLN,protein_coding
ENSG00000185829,ARL17A,protein_coding
ENSG00000185864,NPIPB4,protein_coding
ENSG00000185896,LAMP1,protein_coding
ENSG00000185946,RNPC3,protein_coding
ENSG00000185986,SDHAP3,transcribed_unprocessed_pseudogene
ENSG00000186166,CENATAC,protein_coding
ENSG00000186204,CYP4F12,protein_coding
ENSG00000186301,MST1P2,transcribed_unprocessed_pseudogene
ENSG00000186529,CYP4F3,protein_coding
ENSG00000186567,CEACAM19,protein_coding
ENSG00000186594,MIR22HG,lncRNA
ENSG00000186866,POFUT2,protein_coding
ENSG00000186908,ZDHHC17,protein_coding
ENSG00000187240,DYNC2H1,protein_coding
ENSG00000187243,MAGED4B,protein_coding
ENSG00000187498,COL4A1,protein_coding
ENSG00000187942,LDLRAD2,protein_coding
ENSG00000188153,COL4A5,protein_coding
ENSG00000188157,AGRN,protein_coding
ENSG00000188234,AGAP4,protein_coding
ENSG00000188811,NHLRC3,protein_coding
ENSG00000188818,ZDHHC11,protein_coding
ENSG00000188933,USP32P1,transcribed_unprocessed_pseudogene
ENSG00000188994,ZNF292,protein_coding
ENSG00000189136,UBE2Q2P1,transcribed_unprocessed_pseudogene
ENSG00000189423,USP32P3,transcribed_unprocessed_pseudogene
ENSG00000196074,SYCP2,protein_coding
ENSG00000196083,IL1RAP,protein_coding
ENSG00000196123,MATCAP1,protein_coding
ENSG00000196159,FAT4,protein_coding
ENSG00000196187,TMEM63A,protein_coding
ENSG00000196247,ZNF107,protein_coding
ENSG00000196296,ATP2A1,protein_coding
ENSG00000196338,NLGN3,protein_coding
ENSG00000196352,CD55,protein_coding
ENSG00000196421,C20orf204,protein_coding
ENSG00000196440,ARMCX4,protein_coding
ENSG00000196455,PIK3R4,protein_coding
ENSG00000196547,MAN2A2,protein_coding
ENSG00000196576,PLXNB2,protein_coding
ENSG00000196668,LINC00173,lncRNA
ENSG00000196689,TRPV1,protein_coding
ENSG00000196696,PDXDC2P-NPIPB14P,lncRNA
ENSG00000196705,ZNF431,protein_coding
ENSG00000196739,COL27A1,protein_coding
ENSG00000196757,ZNF700,protein_coding
ENSG00000196876,SCN8A,protein_coding
ENSG00000196878,LAMB3,protein_coding
ENSG00000196912,ANKRD36B,protein_coding
ENSG00000196950,SLC39A10,protein_coding
ENSG00000196993,NPIPB9,protein_coding
ENSG00000197081,IGF2R,protein_coding
ENSG00000197121,PGAP1,protein_coding
ENSG00000197140,ADAM32,protein_coding
ENSG00000197182,MIRLET7BHG,lncRNA
ENSG00000197261,C6orf141,protein_coding
ENSG00000197296,FITM2,protein_coding
ENSG00000197375,SLC22A5,protein_coding
ENSG00000197558,SSPOP,transcribed_unitary_pseudogene
ENSG00000197565,COL4A6,protein_coding
ENSG00000197580,BCO2,protein_coding
ENSG00000197603,CPLANE1,protein_coding
ENSG00000197608,ZNF841,protein_coding
ENSG00000197694,SPTAN1,protein_coding
ENSG00000197746,PSAP,protein_coding
ENSG00000197774,EME2,protein_coding
ENSG00000197816,CCDC180,protein_coding
ENSG00000197818,SLC9A8,protein_coding
ENSG00000197822,OCLN,protein_coding
ENSG00000197969,VPS13A,protein_coding
ENSG00000197978,GOLGA6L9,protein_coding
ENSG00000197989,SNHG12,lncRNA
ENSG00000198064,NPIPB13,protein_coding
ENSG00000198156,NPIPB6,protein_coding
ENSG00000198590,APRG1,lncRNA
ENSG00000198695,MT-ND6,protein_coding
ENSG00000198727,MT-CYB,protein_coding
ENSG00000198743,SLC5A3,protein_coding
ENSG00000198753,PLXNB3,protein_coding
ENSG00000198786,MT-ND5,protein_coding
ENSG00000198799,LRIG2,protein_coding
ENSG00000198804,MT-CO1,protein_coding
ENSG00000198848,CES1,protein_coding
ENSG00000198899,MT-ATP6,protein_coding
ENSG00000198910,L1CAM,protein_coding
ENSG00000198932,GPRASP1,protein_coding
ENSG00000198938,MT-CO3,protein_coding
ENSG00000203392,,lncRNA
ENSG00000203709,MIR29B2CHG,lncRNA
ENSG00000203896,LIME1,protein_coding
ENSG00000204149,AGAP6,protein_coding
ENSG00000204172,AGAP9,protein_coding
ENSG00000204177,BMS1P1,transcribed_unprocessed_pseudogene
ENSG00000204186,ZDBF2,protein_coding
ENSG00000204248,COL11A2,protein_coding
ENSG00000204257,HLA-DMA,protein_coding
ENSG00000204262,COL5A2,protein_coding
ENSG00000204267,TAP2,protein_coding
ENSG00000204305,AGER,protein_coding
ENSG00000204386,NEU1,protein_coding
ENSG00000204410,MSH5,protein_coding
ENSG00000204525,HLA-C,protein_coding
ENSG00000204531,POU5F1,protein_coding
ENSG00000204642,HLA-F,protein_coding
ENSG00000204681,GABBR1,protein_coding
ENSG00000204839,MROH6,protein_coding
ENSG00000204869,IGFL4,protein_coding
ENSG00000204941,PSG5,protein_coding
ENSG00000204965,PCDHA5,protein_coding
ENSG00000204967,PCDHA4,protein_coding
ENSG00000205041,,lncRNA
ENSG00000205085,GARIN1A,protein_coding
ENSG00000205517,RGL3,protein_coding
ENSG00000205560,CPT1B,protein_coding
ENSG00000205702,CYP2D7,protein_coding
ENSG00000205755,CRLF2,protein_coding
ENSG00000205853,RFPL3S,lncRNA
ENSG00000205885,C1RL-AS1,lncRNA
ENSG00000206077,ZDHHC11B,protein_coding
ENSG00000206262,FOXL2NB,protein_coding
ENSG00000206503,HLA-A,protein_coding
ENSG00000206530,CFAP44,protein_coding
ENSG00000206561,COLQ,protein_coding
ENSG00000206573,THUMPD3-AS1,lncRNA
ENSG00000213057,C1orf220,lncRNA
ENSG00000213139,CRYGS,protein_coding
ENSG00000213199,ASIC3,protein_coding
ENSG00000213398,LCAT,protein_coding
ENSG00000213420,GPC2,protein_coding
ENSG00000213599,SLX1A-SULT1A3,lncRNA
ENSG00000213614,HEXA,protein_coding
ENSG00000213658,LAT,protein_coding
ENSG00000213901,SLC23A3,protein_coding
ENSG00000213903,LTB4R,protein_coding
ENSG00000213906,LTB4R2,protein_coding
ENSG00000213949,ITGA1,protein_coding
ENSG00000214021,TTLL3,protein_coding
ENSG00000214331,PDPR2P,transcribed_unprocessed_pseudogene
ENSG00000214548,MEG3,lncRNA
ENSG00000214776,,transcribed_unprocessed_pseudogene
ENSG00000214826,DDX12P,transcribed_unprocessed_pseudogene
ENSG00000214837,LINC01347,transcribed_unprocessed_pseudogene
ENSG00000215022,,lncRNA
ENSG00000215158,GUSBP18,transcribed_unprocessed_pseudogene
ENSG00000215182,MUC5AC,protein_coding
ENSG00000215252,GOLGA8B,protein_coding
ENSG00000215417,MIR17HG,lncRNA
ENSG00000215769,ARHGAP27P1-BPTFP1-KPNA2P3,lncRNA
ENSG00000215788,TNFRSF25,protein_coding
ENSG00000215912,TTC34,protein_coding
ENSG00000218336,TENM3,protein_coding
ENSG00000220201,ZGLP1,protein_coding
ENSG00000220323,H2BC19P,transcribed_unprocessed_pseudogene
ENSG00000220785,MTMR9LP,transcribed_unprocessed_pseudogene
ENSG00000221968,FADS3,protein_coding
ENSG00000221978,CCNL2,protein_coding
ENSG00000223403,MEG9,lncRNA
ENSG00000223658,C1GALT1C1L,protein_coding
ENSG00000223705,NSUN5P1,transcribed_unprocessed_pseudogene
ENSG00000223745,CCDC18-AS1,lncRNA
ENSG00000223749,MIR503HG,lncRNA
ENSG00000223839,FAM95B1,transcribed_unprocessed_pseudogene
ENSG00000223855,PDGFA-DT,lncRNA
ENSG00000224635,,lncRNA
ENSG00000224660,SH3BP5-AS1,lncRNA
ENSG00000224903,RNF32-AS1,lncRNA
ENSG00000224934,GOT1-DT,lncRNA
ENSG00000224975,INE1,lncRNA
ENSG00000225032,,lncRNA
ENSG00000225138,SLC9A3-AS1,lncRNA
ENSG00000225697,SLC26A6,protein_coding
ENSG00000225783,MIAT,lncRNA
ENSG00000225813,,processed_pseudogene
ENSG00000225828,FAM229A,protein_coding
ENSG00000226232,NPIPB14P,transcribed_unprocessed_pseudogene
ENSG00000226332,,lncRNA
ENSG00000226696,LENG8-AS1,lncRNA
ENSG00000227388,,lncRNA
ENSG00000227671,ZNF731P,transcribed_unprocessed_pseudogene
ENSG00000227953,LINC01341,lncRNA
ENSG00000228049,POLR2J2,protein_coding
ENSG00000228315,GUSBP11,lncRNA
ENSG00000228327,,transcribed_unprocessed_pseudogene
ENSG00000228526,MIR34AHG,lncRNA
ENSG00000228649,SNHG26,lncRNA
ENSG00000228727,SAPCD1,protein_coding
ENSG00000229152,ANKRD10-IT1,lncRNA
ENSG00000229425,,lncRNA
ENSG00000229719,MIR194-2HG,lncRNA
ENSG00000230373,GOLGA6L5P,transcribed_unprocessed_pseudogene
ENSG00000230454,,lncRNA
ENSG00000230551,,lncRNA
ENSG00000230590,FTX,lncRNA
ENSG00000230606,APPAT,lncRNA
ENSG00000230650,,processed_pseudogene
ENSG00000230715,,transcribed_processed_pseudogene
ENSG00000230724,LINC01001,lncRNA
ENSG00000230797,YY2,protein_coding
ENSG00000230869,AGAP10P,transcribed_unprocessed_pseudogene
ENSG00000231453,LINC01305,lncRNA
ENSG00000232300,FAM215B,lncRNA
ENSG00000232303,DFFBP1,processed_pseudogene
ENSG00000232653,GOLGA8N,protein_coding
ENSG00000232931,LINC00342,lncRNA
ENSG00000233175,FMNL1-AS1,lncRNA
ENSG00000233237,LINC00472,lncRNA
ENSG00000233327,USP32P2,transcribed_unprocessed_pseudogene
ENSG00000233695,GAS6-AS1,lncRNA
ENSG00000234353,,transcribed_unprocessed_pseudogene
ENSG00000234420,ZNF37BP,transcribed_processed_pseudogene
ENSG00000234719,NPIPB2,protein_coding
ENSG00000234745,HLA-B,protein_coding
ENSG00000234771,SLC25A25-AS1,lncRNA
ENSG00000235194,PPP1R3E,protein_coding
ENSG00000235316,DUSP8P5,transcribed_processed_pseudogene
ENSG00000235370,DNM1P51,transcribed_unprocessed_pseudogene
ENSG00000235381,,lncRNA
ENSG00000235703,EOLA2-DT,lncRNA
ENSG00000235706,DICER1-AS1,lncRNA
ENSG00000236017,ASMTL-AS1,lncRNA
ENSG00000236255,,lncRNA
ENSG00000236287,ZBED5,protein_coding
ENSG00000237094,,transcribed_unprocessed_pseudogene
ENSG00000237491,LINC01409,lncRNA
ENSG00000237950,LINC02918,lncRNA
ENSG00000237973,MTCO1P12,unprocessed_pseudogene
ENSG00000238105,GOLGA2P5,transcribed_unprocessed_pseudogene
ENSG00000240038,AMY2B,protein_coding
ENSG00000240053,LY6G5B,protein_coding
ENSG00000240184,PCDHGC3,protein_coding
ENSG00000240288,GHRLOS,lncRNA
ENSG00000240291,,lncRNA
ENSG00000240399,,transcribed_processed_pseudogene
ENSG00000241388,HNF1A-AS1,lncRNA
ENSG00000241404,EGFL8,protein_coding
ENSG00000241489,,protein_coding
ENSG00000242288,BMS1P4-AGAP5,lncRNA
ENSG00000242294,STAG3L5P,transcribed_unprocessed_pseudogene
ENSG00000242338,BMS1P4,transcribed_unprocessed_pseudogene
ENSG00000242574,HLA-DMB,protein_coding
ENSG00000242588,,lncRNA
ENSG00000242622,GSK3B-DT,lncRNA
ENSG00000243107,,lncRNA
ENSG00000243302,,transcribed_processed_pseudogene
ENSG00000243649,CFB,protein_coding
ENSG00000243679,,transcribed_processed_pseudogene
ENSG00000243696,,protein_coding
ENSG00000243708,PLA2G4B,protein_coding
ENSG00000243716,NPIPB5,protein_coding
ENSG00000243970,PPIEL,transcribed_unprocessed_pseudogene
ENSG00000244055,,lncRNA
ENSG00000244122,UGT1A7,protein_coding
ENSG00000244242,IFITM10,protein_coding
ENSG00000244560,,transcribed_unprocessed_pseudogene
ENSG00000244701,,lncRNA
ENSG00000244754,N4BP2L2,protein_coding
ENSG00000244879,GABPB1-AS1,lncRNA
ENSG00000245149,RNF139-DT,lncRNA
ENSG00000245275,SAP30L-AS1,lncRNA
ENSG00000245532,NEAT1,lncRNA
ENSG00000245849,RAD51-AS1,lncRNA
ENSG00000245970,RPL30-AS1,lncRNA
ENSG00000246339,EXTL3-AS1,lncRNA
ENSG00000246922,UBAP1L,protein_coding
ENSG00000247373,TMED2-DT,lncRNA
ENSG00000247828,TMEM161B-DT,lncRNA
ENSG00000247982,LINC00926,lncRNA
ENSG00000248124,RRN3P1,transcribed_unprocessed_pseudogene
ENSG00000249007,,lncRNA
ENSG00000249087,ZNF436-AS1,lncRNA
ENSG00000249437,NAIP,protein_coding
ENSG00000250067,YJEFN3,protein_coding
ENSG00000250264,,protein_coding
ENSG00000250575,,unprocessed_pseudogene
ENSG00000250644,,protein_coding
ENSG00000251201,TMED7-TICAM2,protein_coding
ENSG00000251432,LINC02615,lncRNA
ENSG00000251474,RPL32P3,transcribed_unprocessed_pseudogene
ENSG00000251485,NRBF2P6,processed_pseudogene
ENSG00000251537,,protein_coding
ENSG00000251562,MALAT1,lncRNA
ENSG00000251664,PCDHA12,protein_coding
ENSG00000253305,PCDHGB6,protein_coding
ENSG00000253352,TUG1,protein_coding
ENSG00000253537,PCDHGA7,protein_coding
ENSG00000253731,PCDHGA6,protein_coding
ENSG00000253953,PCDHGB4,protein_coding
ENSG00000254206,NPIPB11,protein_coding
ENSG00000254221,PCDHGB1,protein_coding
ENSG00000254413,CHKB-CPT1B,protein_coding
ENSG00000254536,,protein_coding
ENSG00000254632,,lncRNA
ENSG00000254815,LMNTD2-AS1,lncRNA
ENSG00000254911,SCARNA9,lncRNA
ENSG00000255031,,lncRNA
ENSG00000255152,MSH5-SAPCD1,protein_coding
ENSG00000255182,,lncRNA
ENSG00000255408,PCDHA3,protein_coding
ENSG00000255423,EBLN2,protein_coding
ENSG00000255455,,lncRNA
ENSG00000255837,TAS2R20,protein_coding
ENSG00000256028,,lncRNA
ENSG00000256433,,lncRNA
ENSG00000256667,KLRA1P,transcribed_unprocessed_pseudogene
ENSG00000257354,MIRLET7IHG,lncRNA
ENSG00000257527,,lncRNA
ENSG00000257681,,lncRNA
ENSG00000258210,,lncRNA
ENSG00000258441,LINC00641,lncRNA
ENSG00000258472,,protein_coding
ENSG00000258559,,lncRNA
ENSG00000258727,AP1G2-AS1,lncRNA
ENSG00000259295,CSPG4P12,transcribed_unprocessed_pseudogene
ENSG00000259408,,lncRNA
ENSG00000259562,,transcribed_processed_pseudogene
ENSG00000259803,SLC22A31,protein_coding
ENSG00000259865,,lncRNA
ENSG00000260197,,lncRNA
ENSG00000260233,ZNRD2-DT,lncRNA
ENSG00000260261,,transcribed_unprocessed_pseudogene
ENSG00000260293,,lncRNA
ENSG00000260306,,lncRNA
ENSG00000260404,,transcribed_unprocessed_pseudogene
ENSG00000260428,SCX,protein_coding
ENSG00000260563,,lncRNA
ENSG00000260565,ERVK13-1,lncRNA
ENSG00000260566,,lncRNA
ENSG00000260589,STAM-DT,lncRNA
ENSG00000260597,,lncRNA
ENSG00000260751,,lncRNA
ENSG00000260774,,lncRNA
ENSG00000260852,FBXL19-AS1,lncRNA
ENSG00000260877,,lncRNA
ENSG00000260916,CCPG1,protein_coding
ENSG00000260942,CAPN10-DT,lncRNA
ENSG00000261051,,lncRNA
ENSG00000261067,,lncRNA
ENSG00000261094,,lncRNA
ENSG00000261136,,lncRNA
ENSG00000261220,ST3GAL1-DT,lncRNA
ENSG00000261247,GOLGA8T,protein_coding
ENSG00000261324,,lncRNA
ENSG00000261326,LINC01355,lncRNA
ENSG00000261408,TEN1-CDK3,protein_coding
ENSG00000261488,TBILA,lncRNA
ENSG00000261556,SMG1P7,transcribed_unprocessed_pseudogene
ENSG00000261560,,lncRNA
ENSG00000261578,,lncRNA
ENSG00000261584,,lncRNA
ENSG00000261770,,lncRNA
ENSG00000261786,,lncRNA
ENSG00000261794,GOLGA8H,protein_coding
ENSG00000262228,,lncRNA
ENSG00000262333,HNRNPA1P16,processed_pseudogene
ENSG00000262484,CCER2,protein_coding
ENSG00000262580,,lncRNA
ENSG00000262772,LINC01977,lncRNA
ENSG00000262877,,lncRNA
ENSG00000262943,ALOX12P2,transcribed_unprocessed_pseudogene
ENSG00000263069,RNF213-AS1,lncRNA
ENSG00000263126,,lncRNA
ENSG00000263244,,lncRNA
ENSG00000263276,,lncRNA
ENSG00000263786,,lncRNA
ENSG00000263874,LASP1NB,protein_coding
ENSG00000263956,NBPF11,protein_coding
ENSG00000264112,,lncRNA
ENSG00000264548,,lncRNA
ENSG00000264772,,lncRNA
ENSG00000265018,AGAP12P,transcribed_unprocessed_pseudogene
ENSG00000265413,,lncRNA
ENSG00000265690,,protein_coding
ENSG00000265787,CYP4F35P,transcribed_unprocessed_pseudogene
ENSG00000266086,,protein_coding
ENSG00000266777,SH3GL1P1,transcribed_processed_pseudogene
ENSG00000266820,KPNA2P3,transcribed_unprocessed_pseudogene
ENSG00000266896,,lncRNA
ENSG00000266918,,TEC
ENSG00000267002,,lncRNA
ENSG00000267056,,processed_pseudogene
ENSG00000267121,FMNL1-DT,lncRNA
ENSG00000267199,,lncRNA
ENSG00000267281,ATF7-NPFF,protein_coding
ENSG00000267519,MIR23AHG,lncRNA
ENSG00000267632,,lncRNA
ENSG00000267680,ZNF224,protein_coding
ENSG00000268471,MIR4453HG,lncRNA
ENSG00000269069,,processed_pseudogene
ENSG00000269352,PTOV1-AS2,lncRNA
ENSG00000269378,ITGB1P1,processed_pseudogene
ENSG00000269399,,lncRNA
ENSG00000269821,KCNQ1OT1,lncRNA
ENSG00000269929,MIRLET7A1HG,lncRNA
ENSG00000269930,,lncRNA
ENSG00000269939,PCF11-AS1,lncRNA
ENSG00000269959,SPACA6-AS1,lncRNA
ENSG00000269982,,lncRNA
ENSG00000270012,,lncRNA
ENSG00000270069,MIR222HG,lncRNA
ENSG00000270127,,lncRNA
ENSG00000270605,,lncRNA
ENSG00000271533,,lncRNA
ENSG00000271576,PRKACB-DT,lncRNA
ENSG00000271833,,lncRNA
ENSG00000271971,,lncRNA
ENSG00000272068,BCAN-AS1,lncRNA
ENSG00000272145,NFYC-AS1,lncRNA
ENSG00000272356,,lncRNA
ENSG00000272374,SCUBE3-AS1,lncRNA
ENSG00000272556,GTF2IP13,transcribed_unprocessed_pseudogene
ENSG00000272578,GUSBP11,transcribed_unprocessed_pseudogene
ENSG00000272589,ZSWIM8-AS1,lncRNA
ENSG00000272617,,protein_coding
ENSG00000272645,GTF2IP20,transcribed_unprocessed_pseudogene
ENSG00000272669,,lncRNA
ENSG00000272720,,lncRNA
ENSG00000272734,ADIRF-AS1,lncRNA
ENSG00000272752,STAG3L5P-PVRIG2P-PILRB,lncRNA
ENSG00000272807,,lncRNA
ENSG00000272905,,lncRNA
ENSG00000272990,,lncRNA
ENSG00000272994,C2orf49-DT,lncRNA
ENSG00000273002,ARHGEF2-AS2,lncRNA
ENSG00000273033,LINC02035,lncRNA
ENSG00000273036,CYP4F33P,transcribed_processed_pseudogene
ENSG00000273142,LINC02604,lncRNA
ENSG00000273148,LCDR,lncRNA
ENSG00000273154,,protein_coding
ENSG00000273448,,lncRNA
ENSG00000273449,,lncRNA
ENSG00000273759,,lncRNA
ENSG00000274272,,lncRNA
ENSG00000274383,,lncRNA
ENSG00000274422,,lncRNA
ENSG00000274460,,lncRNA
ENSG00000274471,,transcribed_unprocessed_pseudogene
ENSG00000274512,TBC1D3L,protein_coding
ENSG00000274615,,transcribed_unprocessed_pseudogene
ENSG00000274628,CYP4F59P,transcribed_unprocessed_pseudogene
ENSG00000274925,ZKSCAN2-DT,lncRNA
ENSG00000275131,PDE4DIPP2,transcribed_unprocessed_pseudogene
ENSG00000275180,,lncRNA
ENSG00000275395,FCGBP,protein_coding
ENSG00000275437,,lncRNA
ENSG00000275807,,lncRNA
ENSG00000276115,,lncRNA
ENSG00000276248,,lncRNA
ENSG00000276337,,lncRNA
ENSG00000276550,HERC2P2,transcribed_unprocessed_pseudogene
ENSG00000276851,,lncRNA
ENSG00000277007,,lncRNA
ENSG00000277701,,lncRNA
ENSG00000277739,,rRNA
ENSG00000277938,,lncRNA
ENSG00000277957,SENP3-EIF4A1,protein_coding
ENSG00000278041,,lncRNA
ENSG00000278224,PRICKLE4,protein_coding
ENSG00000278570,NR2E3,protein_coding
ENSG00000278600,,lncRNA
ENSG00000278662,GOLGA6L10,protein_coding
ENSG00000278848,TP53TG3F,protein_coding
ENSG00000278864,,TEC
ENSG00000278867,,TEC
ENSG00000278950,,TEC
ENSG00000278983,,TEC
ENSG00000278985,,TEC
ENSG00000278987,,TEC
ENSG00000278989,,TEC
ENSG00000278991,,TEC
ENSG00000279041,,TEC
ENSG00000279088,,lncRNA
ENSG00000279108,,TEC
ENSG00000279196,,TEC
ENSG00000279233,,TEC
ENSG00000279283,,TEC
ENSG00000279289,,TEC
ENSG00000279342,,lncRNA
ENSG00000279347,,TEC
ENSG00000279407,,TEC
ENSG00000279425,,TEC
ENSG00000279432,,TEC
ENSG00000279453,,TEC
ENSG00000279500,,TEC
ENSG00000279518,,TEC
ENSG00000279520,,TEC
ENSG00000279529,,lncRNA
ENSG00000279608,,TEC
ENSG00000279696,,TEC
ENSG00000279744,,TEC
ENSG00000279759,,TEC
ENSG00000279789,,TEC
ENSG00000279803,,TEC
ENSG00000279821,,TEC
ENSG00000279861,,TEC
ENSG00000279873,LINC01126,lncRNA
ENSG00000280042,,TEC
ENSG00000280063,,TEC
ENSG00000280069,,TEC
ENSG00000280128,,TEC
ENSG00000280138,,TEC
ENSG00000280145,,lncRNA
ENSG00000280152,,TEC
ENSG00000280164,,lncRNA
ENSG00000280239,,TEC
ENSG00000280287,,TEC
ENSG00000280332,,TEC
ENSG00000280383,,lncRNA
ENSG00000280388,,TEC
ENSG00000280434,,lncRNA
ENSG00000281026,N4BP2L2-IT2,lncRNA
ENSG00000281207,SLFNL1-AS1,lncRNA
ENSG00000281344,HELLPAR,lncRNA
ENSG00000281404,LINC01176,lncRNA
ENSG00000281453,TGFB2-OT1,lncRNA
ENSG00000282458,WASH5P,transcribed_processed_pseudogene
ENSG00000283189,,protein_coding
ENSG00000283341,,lncRNA
ENSG00000283511,,transcribed_unitary_pseudogene
ENSG00000283709,FAM238C,transcribed_unprocessed_pseudogene
ENSG00000284128,BCRP3,transcribed_unprocessed_pseudogene
ENSG00000284747,,lncRNA
ENSG00000284773,,protein_coding
ENSG00000284946,,protein_coding
ENSG00000284969,,protein_coding
ENSG00000284981,UPK3BL2,protein_coding
ENSG00000285077,ARHGAP11B,protein_coding
ENSG00000285796,,lncRNA
ENSG00000285804,,lncRNA
ENSG00000285943,,protein_coding
ENSG00000286214,COPG2IT1,lncRNA
ENSG00000286315,,lncRNA
ENSG00000286681,,lncRNA
ENSG00000286813,,lncRNA
ENSG00000286835,,lncRNA
ENSG00000286909,,lncRNA
ENSG00000286964,,lncRNA
ENSG00000287037,,lncRNA
ENSG00000287306,,lncRNA
ENSG00000287424,,lncRNA
ENSG00000287431,RENO1,lncRNA
ENSG00000287507,,lncRNA
ENSG00000287539,,lncRNA
ENSG00000287562,,lncRNA
ENSG00000287737,,lncRNA
ENSG00000287848,,lncRNA
